PRAGMA defer_foreign_keys=TRUE;
CREATE TABLE rates_cache (
    base_currency TEXT PRIMARY KEY,
    rates_json TEXT NOT NULL,
    updated_at INTEGER NOT NULL
);
INSERT INTO "rates_cache" ("base_currency","rates_json","updated_at") VALUES('TEST','1',1);
INSERT INTO "rates_cache" ("base_currency","rates_json","updated_at") VALUES('EUR','{"AED":4.240257,"AFN":73.32143,"ALL":96.053795,"AMD":433.817139,"ANG":2.066822,"AOA":1058.764604,"ARS":1599.696819,"AUD":1.675026,"AWG":2.078272,"AZN":1.967396,"BAM":1.955877,"BBD":2.317892,"BDT":141.205579,"BGN":1.973561,"BHD":0.434817,"BIF":3418.53506,"BMD":1.154596,"BND":1.481959,"BOB":7.981315,"BRL":6.067751,"BSD":1.150845,"BTC":0.000017504243,"BTN":109.078309,"BWP":15.865627,"BYN":3.425635,"BYR":22630.074075,"BZD":2.314491,"CAD":1.604715,"CDF":2635.36902,"CHF":0.917923,"CLF":0.027055,"CLP":1068.301597,"CNY":7.980392,"CNH":7.989998,"COP":4229.267091,"CRC":534.421114,"CUC":1.154596,"CUP":30.596784,"CVE":110.269357,"CZK":24.603629,"DJF":204.928096,"DKK":7.496448,"DOP":68.502706,"DZD":153.573067,"EGP":60.780401,"ERN":17.318934,"ETB":177.904429,"EUR":1,"FJD":2.606389,"FKP":0.868614,"GBP":0.866456,"GEL":3.094767,"GGP":0.868614,"GHS":12.609498,"GIP":0.868614,"GMD":84.867224,"GNF":10090.398654,"GTQ":8.807348,"GYD":240.899518,"HKD":9.036039,"HNL":30.555207,"HRK":7.557064,"HTG":150.85596,"HUF":390.276858,"IDR":19617.503194,"ILS":3.622683,"IMP":0.868614,"INR":109.51363,"IQD":1507.559561,"IRR":1516272.693223,"ISK":144.047794,"JEP":0.868614,"JMD":181.147157,"JOD":0.818654,"JPY":185.066713,"KES":149.485906,"KGS":100.96983,"KHR":4609.182101,"KMF":494.167328,"KPW":1039.005581,"KRW":1741.130593,"KWD":0.355512,"KYD":0.959038,"KZT":556.361981,"LAK":25029.988892,"LBP":103054.87152,"LKR":362.514322,"LRD":211.168343,"LSL":19.761581,"LTL":3.409221,"LVL":0.698404,"LYD":7.34629,"MAD":10.755925,"MDL":20.213799,"MGA":4796.189489,"MKD":61.642435,"MMK":2427.526343,"MNT":4123.646826,"MOP":9.285467,"MRU":45.949815,"MUR":54.000874,"MVR":17.838939,"MWK":1995.478838,"MXN":20.923702,"MYR":4.530678,"MZN":73.836825,"NAD":19.761581,"NGN":1597.337286,"NIO":42.351673,"NOK":11.20288,"NPR":174.524895,"NZD":2.015881,"OMR":0.443458,"PAB":1.150845,"PEN":4.008858,"PGK":4.973196,"PHP":69.911197,"PKR":321.19049,"PLN":4.298271,"PYG":7524.297272,"QAR":4.195866,"RON":5.111746,"RSD":117.404638,"RUB":93.863708,"RWF":1680.566396,"SAR":4.33291,"SBD":9.285301,"SCR":17.363686,"SDG":693.912357,"SEK":10.938258,"SGD":1.49255,"SHP":0.866246,"SLE":28.345751,"SLL":24211.30527,"SOS":657.725986,"SRD":43.413994,"STD":23897.798134,"STN":24.500968,"SVC":10.069398,"SYP":129.111885,"SZL":19.759781,"THB":37.518628,"TJS":10.995934,"TMT":4.041085,"TND":3.392934,"TOP":2.779989,"TRY":51.310654,"TTD":7.819309,"TWD":36.998328,"TZS":2969.117305,"UAH":50.443693,"UGX":4287.169379,"USD":1.154596,"UYU":46.58184,"UZS":14034.554481,"VES":540.268027,"VND":30409.162038,"VUV":138.27014,"WST":3.204592,"XAF":655.982917,"XAG":0.0165,"XAU":0.000256,"XCD":3.120353,"XCG":2.074082,"XDR":0.815832,"XOF":655.982917,"XPF":119.331742,"YER":275.490657,"ZAR":19.766689,"ZMK":10392.750198,"ZMW":21.663856,"ZWL":371.779317}',1774756825571);
CREATE TABLE users (
    id TEXT PRIMARY KEY,
    name TEXT,
    country TEXT,
    first_seen INTEGER NOT NULL
);
INSERT INTO "users" ("id","name","country","first_seen") VALUES('dev-test','test','SG',1774111876014);
INSERT INTO "users" ("id","name","country","first_seen") VALUES('final-check','checker','SG',1774112059797);
INSERT INTO "users" ("id","name","country","first_seen") VALUES('b965ae09-1c1e-48d6-843d-02ed7f955c14','marko','SG',1774112099465);
INSERT INTO "users" ("id","name","country","first_seen") VALUES('6415e6d8-fca0-4e87-9707-f70081ec912b','Sam','PH',1774112156294);
INSERT INTO "users" ("id","name","country","first_seen") VALUES('final-check-extra-resilient','Guest','SG',1774113296846);
INSERT INTO "users" ("id","name","country","first_seen") VALUES('emergency-check','Guest','SG',1774113517300);
INSERT INTO "users" ("id","name","country","first_seen") VALUES('check-after-user-instr','Guest','SG',1774113869609);
INSERT INTO "users" ("id","name","country","first_seen") VALUES('final-success-check','Guest','SG',1774114517882);
INSERT INTO "users" ("id","name","country","first_seen") VALUES('ebfb8adc-a8a9-46b3-bb9d-c6fbdc87f998','Guest','SG',1774114850235);
INSERT INTO "users" ("id","name","country","first_seen") VALUES('currency-lock-check','Guest','SG',1774116339182);
INSERT INTO "users" ("id","name","country","first_seen") VALUES('72d7d638-7608-4aa5-92a6-8db2e2f3a7ae','Guest','SG',1774119569624);
INSERT INTO "users" ("id","name","country","first_seen") VALUES('949aa3fb-d52e-45bb-a14a-54eafbb5309d','Guest','SA',1774123486979);
INSERT INTO "users" ("id","name","country","first_seen") VALUES('ea1f4554-5600-4a59-9b4c-2c4e474a2662','Guest','QA',1774124019164);
INSERT INTO "users" ("id","name","country","first_seen") VALUES('42904719-f0e2-47a2-ade9-5d00eac7288b','Guest','PH',1774124028328);
INSERT INTO "users" ("id","name","country","first_seen") VALUES('2190ffe2-e758-42d5-9141-2b2359e980f7','Guest','BH',1774126052659);
INSERT INTO "users" ("id","name","country","first_seen") VALUES('eb4ce154-f8ad-4bd1-b472-103418c5be55','Guest','BH',1774127058149);
INSERT INTO "users" ("id","name","country","first_seen") VALUES('bf46a6b3-fd7d-4894-9e0b-0cf0918c580d','Guest','SA',1774128972837);
INSERT INTO "users" ("id","name","country","first_seen") VALUES('6d3641c1-941d-45ae-8425-823d5bef4e0b','Guest','QA',1774129177233);
INSERT INTO "users" ("id","name","country","first_seen") VALUES('cc551df4-05f0-4582-adc4-520fa6dd9ac9','Guest','SG',1774164981981);
INSERT INTO "users" ("id","name","country","first_seen") VALUES('3c270c92-4ce6-45ee-ae9f-56dc6d9c45c2','Guest','BH',1774178966177);
INSERT INTO "users" ("id","name","country","first_seen") VALUES('guest','Guest','SG',1774235479363);
INSERT INTO "users" ("id","name","country","first_seen") VALUES('6175b12e-0cf4-4a6a-91b2-4a03f7b4d8fa','Guest','SG',1774241122948);
INSERT INTO "users" ("id","name","country","first_seen") VALUES('038895bb-f140-4c4a-b0e6-cf5a5fa9ea36','Guest','SG',1774627418765);
INSERT INTO "users" ("id","name","country","first_seen") VALUES('6439da51-b398-489e-bd2f-25c7b75806fd','Guest','PH',1774664527855);
INSERT INTO "users" ("id","name","country","first_seen") VALUES('f0cf233a-93e1-42d9-9981-8bd4848a354e','Guest','PH',1774666317356);
INSERT INTO "users" ("id","name","country","first_seen") VALUES('f7ac8dd5-acd9-49f7-8db8-4eb8b4e84968','Guest','SG',1774668467928);
INSERT INTO "users" ("id","name","country","first_seen") VALUES('f0a58e4f-fb79-461e-8fa6-7038f347b949','Guest','PH',1774669873691);
INSERT INTO "users" ("id","name","country","first_seen") VALUES('5756e90d-9a91-49a4-8842-3ad0aa6dcae8','Guest','PH',1774672834175);
INSERT INTO "users" ("id","name","country","first_seen") VALUES('00663d9c-66c3-48b9-9ed5-aa0d639ac7d3','Guest','CA',1774674702975);
INSERT INTO "users" ("id","name","country","first_seen") VALUES('8aa8b596-0315-4000-9629-0d288ce0ae37','Guest','MY',1774675118475);
INSERT INTO "users" ("id","name","country","first_seen") VALUES('44241468-4f0e-48c8-8ae0-302e4a008aba','Guest','SG',1774675859874);
INSERT INTO "users" ("id","name","country","first_seen") VALUES('33354cea-c6ce-45ac-8acf-35053ef4ab1a','Guest','PH',1774677847505);
INSERT INTO "users" ("id","name","country","first_seen") VALUES('1acfaa8a-6454-414f-b08c-6b5c70707e08','Guest','PH',1774677916270);
INSERT INTO "users" ("id","name","country","first_seen") VALUES('0428eb75-bca8-4b27-b422-e53ff666c6e6','Guest','PH',1774678069151);
INSERT INTO "users" ("id","name","country","first_seen") VALUES('3d987777-657d-458c-9431-f7d10ae71e70','Guest','PH',1774678080338);
INSERT INTO "users" ("id","name","country","first_seen") VALUES('b34dbd0e-1c30-44ce-a32e-769ac74b7ab0','Guest','IE',1774679223648);
INSERT INTO "users" ("id","name","country","first_seen") VALUES('0000cc98-52fb-44a1-8e06-9b7e56b0d859','Guest','PH',1774679308267);
INSERT INTO "users" ("id","name","country","first_seen") VALUES('70e3e210-5868-4abe-b2a9-3076814e4b38','Guest','PH',1774684489041);
INSERT INTO "users" ("id","name","country","first_seen") VALUES('d1b98416-96d5-4543-8bef-6d85820c486d','Guest','PH',1774685902293);
INSERT INTO "users" ("id","name","country","first_seen") VALUES('e8548ff0-936e-4988-80bd-6b02f508c7ef','Guest','PH',1774687798446);
INSERT INTO "users" ("id","name","country","first_seen") VALUES('a0fbcd0b-ad2d-4ff1-9765-f100de8b4cd3','Guest','PH',1774691671748);
INSERT INTO "users" ("id","name","country","first_seen") VALUES('fdcc90a1-7416-405a-9a5e-8c75eba7cd62','Guest','SG',1774692042245);
INSERT INTO "users" ("id","name","country","first_seen") VALUES('23b5e45a-b37c-49bc-9bc2-a24cb051ca2e','Guest','PH',1774695824552);
INSERT INTO "users" ("id","name","country","first_seen") VALUES('87a2350d-e6d9-447c-9894-cb7295842dd6','Guest','QA',1774697325075);
INSERT INTO "users" ("id","name","country","first_seen") VALUES('ea6eaac0-5740-4672-9316-72f22c1aea09','Guest','PH',1774698977764);
INSERT INTO "users" ("id","name","country","first_seen") VALUES('d9b90158-a69e-4e8e-a09f-898d7c9fd5ea','Guest','PH',1774705306558);
INSERT INTO "users" ("id","name","country","first_seen") VALUES('f27a91cc-10d1-4493-838d-a5326131ec5e','Guest','PH',1774706614188);
INSERT INTO "users" ("id","name","country","first_seen") VALUES('66f89eff-ea68-4b51-8ab3-2327fd600042','Guest','PH',1774710338739);
INSERT INTO "users" ("id","name","country","first_seen") VALUES('c4393fe5-ea3b-4019-9d51-459c530e81c4','Guest','PH',1774713791086);
INSERT INTO "users" ("id","name","country","first_seen") VALUES('351e7ed8-5e08-471c-ad02-53a553c96b05','Guest','PH',1774720233540);
INSERT INTO "users" ("id","name","country","first_seen") VALUES('1221d3b2-f0f9-48bc-95a5-13fe2080288d','Guest','PH',1774726029311);
INSERT INTO "users" ("id","name","country","first_seen") VALUES('e9d4a511-fb7c-4996-8e02-557e9d254354','Guest','PH',1774728192842);
INSERT INTO "users" ("id","name","country","first_seen") VALUES('9a249f49-f6cf-4238-9e2f-1ea9e724051a','Guest','PH',1774731826047);
INSERT INTO "users" ("id","name","country","first_seen") VALUES('db0a068b-7c5b-405d-a811-f423fa0c06b7','Guest','PH',1774735109594);
INSERT INTO "users" ("id","name","country","first_seen") VALUES('9deb110b-c390-4568-907f-9941b43dd581','Guest','PH',1774738933657);
INSERT INTO "users" ("id","name","country","first_seen") VALUES('dfef85b3-cb85-4119-bf74-2213fae44701','Guest','PH',1774742570073);
INSERT INTO "users" ("id","name","country","first_seen") VALUES('35affd87-74bf-49d5-a8e6-5f70cb9f8132','Guest','PH',1774755599516);
INSERT INTO "users" ("id","name","country","first_seen") VALUES('9196cc21-a578-4147-abd9-3bb458e6d414','Guest','PH',1774756017604);
INSERT INTO "users" ("id","name","country","first_seen") VALUES('6e92affb-225e-45cc-9657-914fe7badcf8','Guest','PH',1774756624009);
INSERT INTO "users" ("id","name","country","first_seen") VALUES('8b3d221b-6cfd-43b6-b38d-7f2fff3c0dbf','Guest','PH',1774756634645);
INSERT INTO "users" ("id","name","country","first_seen") VALUES('8fdf950a-ed92-40bf-aeb6-2bbb859ee459','Guest','PH',1774756667972);
CREATE TABLE conversions (
    id TEXT PRIMARY KEY,
    user_id TEXT,
    from_currency TEXT NOT NULL,
    to_currency TEXT NOT NULL,
    amount REAL,
    timestamp INTEGER NOT NULL
);
INSERT INTO "conversions" ("id","user_id","from_currency","to_currency","amount","timestamp") VALUES('fd6db60f-9c45-40fc-ab05-8129fe3a9e32','dev-test','SGD','PHP',1,1774111876014);
INSERT INTO "conversions" ("id","user_id","from_currency","to_currency","amount","timestamp") VALUES('02125257-165c-4ace-b753-e46d1cbac656','dev-test','SGD','PHP',1,1774111965128);
INSERT INTO "conversions" ("id","user_id","from_currency","to_currency","amount","timestamp") VALUES('e232431e-8c5d-47ce-8e97-5a9f01dadd7a','final-check','SGD','PHP',1,1774112059797);
INSERT INTO "conversions" ("id","user_id","from_currency","to_currency","amount","timestamp") VALUES('cf7c0a44-955d-4df8-804f-364a503700d1','b965ae09-1c1e-48d6-843d-02ed7f955c14','SGD','PHP',1,1774112099465);
INSERT INTO "conversions" ("id","user_id","from_currency","to_currency","amount","timestamp") VALUES('9d03caa5-8180-4b2a-bf95-fb64166de674','6415e6d8-fca0-4e87-9707-f70081ec912b','USD','PHP',1,1774112156294);
INSERT INTO "conversions" ("id","user_id","from_currency","to_currency","amount","timestamp") VALUES('1b934ae7-8caf-46d6-b9dd-f7d431961de4','final-check-extra-resilient','SGD','PHP',1,1774113296846);
INSERT INTO "conversions" ("id","user_id","from_currency","to_currency","amount","timestamp") VALUES('beee43a8-cbec-4861-9b76-dd4600f7cf61','b965ae09-1c1e-48d6-843d-02ed7f955c14','SGD','PHP',1,1774113320051);
INSERT INTO "conversions" ("id","user_id","from_currency","to_currency","amount","timestamp") VALUES('bef5e52a-2b4d-48c4-ac74-7d67d3ed4e7b','emergency-check','SGD','PHP',1,1774113517300);
INSERT INTO "conversions" ("id","user_id","from_currency","to_currency","amount","timestamp") VALUES('10752ca8-2d9f-4340-a46b-cc0e536091cd','b965ae09-1c1e-48d6-843d-02ed7f955c14','SGD','PHP',1,1774113602320);
INSERT INTO "conversions" ("id","user_id","from_currency","to_currency","amount","timestamp") VALUES('04d5c394-b959-46a8-ac84-5c79fdb13e35','check-after-user-instr','SGD','PHP',1,1774113869609);
INSERT INTO "conversions" ("id","user_id","from_currency","to_currency","amount","timestamp") VALUES('7769fcb5-81d6-4d0a-ae28-f343908466bd','b965ae09-1c1e-48d6-843d-02ed7f955c14','SGD','PHP',1,1774113924100);
INSERT INTO "conversions" ("id","user_id","from_currency","to_currency","amount","timestamp") VALUES('8029fde7-28bf-4cc2-ab7d-e28cd3aa0c88','b965ae09-1c1e-48d6-843d-02ed7f955c14','SGD','PHP',1,1774114049965);
INSERT INTO "conversions" ("id","user_id","from_currency","to_currency","amount","timestamp") VALUES('0c06dc34-6edf-482f-8ccb-94925ba455c5','b965ae09-1c1e-48d6-843d-02ed7f955c14','SGD','PHP',1,1774114175145);
INSERT INTO "conversions" ("id","user_id","from_currency","to_currency","amount","timestamp") VALUES('656d549b-3c30-4625-a76e-7bab20d8d360','b965ae09-1c1e-48d6-843d-02ed7f955c14','SGD','PHP',1,1774114458074);
INSERT INTO "conversions" ("id","user_id","from_currency","to_currency","amount","timestamp") VALUES('c8ee3452-0c4c-415d-9d0c-fbbb15b7c429','final-success-check','SGD','PHP',1,1774114517882);
INSERT INTO "conversions" ("id","user_id","from_currency","to_currency","amount","timestamp") VALUES('cf8c8743-cbc9-48cd-bbd3-be8cce038d6c','b965ae09-1c1e-48d6-843d-02ed7f955c14','SGD','PHP',1,1774114544234);
INSERT INTO "conversions" ("id","user_id","from_currency","to_currency","amount","timestamp") VALUES('4b1eda98-dc06-4ed7-add1-fb72bd29548d','b965ae09-1c1e-48d6-843d-02ed7f955c14','SGD','PHP',1,1774114667636);
INSERT INTO "conversions" ("id","user_id","from_currency","to_currency","amount","timestamp") VALUES('d7a220af-c707-45c8-94e5-4b3d7cfe23df','b965ae09-1c1e-48d6-843d-02ed7f955c14','SEK','PHP',1,1774114674159);
INSERT INTO "conversions" ("id","user_id","from_currency","to_currency","amount","timestamp") VALUES('dd96ca00-66e3-48bb-8a79-34c1d9572b87','ebfb8adc-a8a9-46b3-bb9d-c6fbdc87f998','SGD','PHP',1,1774114850235);
INSERT INTO "conversions" ("id","user_id","from_currency","to_currency","amount","timestamp") VALUES('38382fd6-545f-4154-9b7c-26eeed646f3d','ebfb8adc-a8a9-46b3-bb9d-c6fbdc87f998','SGD','PHP',1,1774115038808);
INSERT INTO "conversions" ("id","user_id","from_currency","to_currency","amount","timestamp") VALUES('7a45d916-1a44-414f-9165-faee28d95b2a','ebfb8adc-a8a9-46b3-bb9d-c6fbdc87f998','SGD','PHP',1,1774115053011);
INSERT INTO "conversions" ("id","user_id","from_currency","to_currency","amount","timestamp") VALUES('7108f0b5-eb49-49a8-a0fd-c8fd6566c8b2','ebfb8adc-a8a9-46b3-bb9d-c6fbdc87f998','SGD','PHP',1,1774115562916);
INSERT INTO "conversions" ("id","user_id","from_currency","to_currency","amount","timestamp") VALUES('eb7534fb-b1ca-4aba-b72b-a6bdf0d5350b','6415e6d8-fca0-4e87-9707-f70081ec912b','PHP','PHP',1,1774115584212);
INSERT INTO "conversions" ("id","user_id","from_currency","to_currency","amount","timestamp") VALUES('924b6ac9-7072-465d-97f9-166c3a15145c','6415e6d8-fca0-4e87-9707-f70081ec912b','PHP','PHP',1,1774115587052);
INSERT INTO "conversions" ("id","user_id","from_currency","to_currency","amount","timestamp") VALUES('03854473-1214-46be-851d-02ff9d00007f','6415e6d8-fca0-4e87-9707-f70081ec912b','PHP','PHP',1,1774115590175);
INSERT INTO "conversions" ("id","user_id","from_currency","to_currency","amount","timestamp") VALUES('c6333e7e-e329-4c3a-bd72-695f2a1ab2bf','6415e6d8-fca0-4e87-9707-f70081ec912b','PHP','PHP',1,1774115596173);
INSERT INTO "conversions" ("id","user_id","from_currency","to_currency","amount","timestamp") VALUES('ee165520-1f52-4d04-b3f9-dcd21207a65e','6415e6d8-fca0-4e87-9707-f70081ec912b','PHP','PHP',1,1774115597024);
INSERT INTO "conversions" ("id","user_id","from_currency","to_currency","amount","timestamp") VALUES('c1652f8e-f531-4295-84bb-d92d4b8c46a6','ebfb8adc-a8a9-46b3-bb9d-c6fbdc87f998','SGD','PHP',1,1774115621776);
INSERT INTO "conversions" ("id","user_id","from_currency","to_currency","amount","timestamp") VALUES('3297852e-113a-47e0-b94c-e9e6fbb503a6','ebfb8adc-a8a9-46b3-bb9d-c6fbdc87f998','SGD','PHP',1,1774115624299);
INSERT INTO "conversions" ("id","user_id","from_currency","to_currency","amount","timestamp") VALUES('769e4e96-3d43-4632-8762-86672b9c8fc9','ebfb8adc-a8a9-46b3-bb9d-c6fbdc87f998','SGD','PHP',1,1774115630075);
INSERT INTO "conversions" ("id","user_id","from_currency","to_currency","amount","timestamp") VALUES('a901f8df-0e59-47f5-9d38-563e2fa826b8','ebfb8adc-a8a9-46b3-bb9d-c6fbdc87f998','SGD','PHP',1,1774115634947);
INSERT INTO "conversions" ("id","user_id","from_currency","to_currency","amount","timestamp") VALUES('c479087b-d6b9-4336-b558-cea4192e7f26','ebfb8adc-a8a9-46b3-bb9d-c6fbdc87f998','SGD','PHP',1,1774116158099);
INSERT INTO "conversions" ("id","user_id","from_currency","to_currency","amount","timestamp") VALUES('db9e3d84-7a34-4c00-94ee-782825759a44','currency-lock-check','SGD','PHP',1,1774116339182);
INSERT INTO "conversions" ("id","user_id","from_currency","to_currency","amount","timestamp") VALUES('01c5190a-258f-403f-a422-69854bc0ba11','ebfb8adc-a8a9-46b3-bb9d-c6fbdc87f998','SGD','PHP',1,1774116521475);
INSERT INTO "conversions" ("id","user_id","from_currency","to_currency","amount","timestamp") VALUES('7f827470-7fb8-461a-b2ba-e3949e9a6412','6415e6d8-fca0-4e87-9707-f70081ec912b','PHP','PHP',1,1774116529723);
INSERT INTO "conversions" ("id","user_id","from_currency","to_currency","amount","timestamp") VALUES('cd1f6628-3690-47ce-895f-86799f73476c','6415e6d8-fca0-4e87-9707-f70081ec912b','PHP','PHP',1,1774116531253);
INSERT INTO "conversions" ("id","user_id","from_currency","to_currency","amount","timestamp") VALUES('f9e86ecd-d938-45ba-874d-98170cc83fec','6415e6d8-fca0-4e87-9707-f70081ec912b','PHP','PHP',1,1774116532417);
INSERT INTO "conversions" ("id","user_id","from_currency","to_currency","amount","timestamp") VALUES('0410c6ec-c221-4b9d-8819-b7a93253d052','6415e6d8-fca0-4e87-9707-f70081ec912b','PHP','PHP',1,1774116535549);
INSERT INTO "conversions" ("id","user_id","from_currency","to_currency","amount","timestamp") VALUES('83a6f6c8-6cd3-487c-a7cf-c4960d4f1933','6415e6d8-fca0-4e87-9707-f70081ec912b','SAR','PHP',1,1774116539501);
INSERT INTO "conversions" ("id","user_id","from_currency","to_currency","amount","timestamp") VALUES('c74ee814-7a89-481c-aad2-76bf8897e4c9','6415e6d8-fca0-4e87-9707-f70081ec912b','AED','PHP',1,1774116543476);
INSERT INTO "conversions" ("id","user_id","from_currency","to_currency","amount","timestamp") VALUES('2803fc88-2abe-4b89-b2c8-2cb2cbdfbb26','6415e6d8-fca0-4e87-9707-f70081ec912b','QAR','PHP',1,1774116546653);
INSERT INTO "conversions" ("id","user_id","from_currency","to_currency","amount","timestamp") VALUES('fb50dd80-0a41-41ec-9f7a-e8215d246b22','6415e6d8-fca0-4e87-9707-f70081ec912b','KWD','PHP',1,1774116549615);
INSERT INTO "conversions" ("id","user_id","from_currency","to_currency","amount","timestamp") VALUES('cd5c3204-d2d7-439f-b394-99d150f4e9f3','6415e6d8-fca0-4e87-9707-f70081ec912b','OMR','PHP',1,1774116554071);
INSERT INTO "conversions" ("id","user_id","from_currency","to_currency","amount","timestamp") VALUES('91b4edaa-b8e8-4f08-80e8-703d77d32df7','6415e6d8-fca0-4e87-9707-f70081ec912b','BHD','PHP',1,1774116556610);
INSERT INTO "conversions" ("id","user_id","from_currency","to_currency","amount","timestamp") VALUES('20a99ffd-e7ce-409b-a64e-58cc9f527a08','6415e6d8-fca0-4e87-9707-f70081ec912b','GBP','PHP',1,1774116558973);
INSERT INTO "conversions" ("id","user_id","from_currency","to_currency","amount","timestamp") VALUES('083217e9-a6ce-4be9-a928-24b139be8841','6415e6d8-fca0-4e87-9707-f70081ec912b','EUR','PHP',1,1774116561379);
INSERT INTO "conversions" ("id","user_id","from_currency","to_currency","amount","timestamp") VALUES('0cac2a83-c772-4631-82eb-723b4a085f8d','6415e6d8-fca0-4e87-9707-f70081ec912b','CHF','PHP',1,1774116563637);
INSERT INTO "conversions" ("id","user_id","from_currency","to_currency","amount","timestamp") VALUES('8b2a364f-d556-41af-bb84-0aa381b8e294','6415e6d8-fca0-4e87-9707-f70081ec912b','AUD','PHP',1,1774116568599);
INSERT INTO "conversions" ("id","user_id","from_currency","to_currency","amount","timestamp") VALUES('2bae4aeb-6118-48ab-9d22-8fa339182af2','6415e6d8-fca0-4e87-9707-f70081ec912b','NZD','PHP',1,1774116571567);
INSERT INTO "conversions" ("id","user_id","from_currency","to_currency","amount","timestamp") VALUES('4b38a627-06eb-431d-850e-4fcce6b724f8','6415e6d8-fca0-4e87-9707-f70081ec912b','NZD','PHP',1,1774116573254);
INSERT INTO "conversions" ("id","user_id","from_currency","to_currency","amount","timestamp") VALUES('e1c8e0cc-bad5-4a13-b9b9-e64f1a76231f','ebfb8adc-a8a9-46b3-bb9d-c6fbdc87f998','SGD','PHP',1,1774116701112);
INSERT INTO "conversions" ("id","user_id","from_currency","to_currency","amount","timestamp") VALUES('4cfe86a0-a842-4575-875a-6d0aa5d2fde4','ebfb8adc-a8a9-46b3-bb9d-c6fbdc87f998','SGD','PHP',1,1774116705547);
INSERT INTO "conversions" ("id","user_id","from_currency","to_currency","amount","timestamp") VALUES('e9dcfecb-3bbd-4dd9-8cde-1a213a10f71a','ebfb8adc-a8a9-46b3-bb9d-c6fbdc87f998','SGD','PHP',1,1774116706922);
INSERT INTO "conversions" ("id","user_id","from_currency","to_currency","amount","timestamp") VALUES('4a338577-4db8-4609-8b80-db8f9b50e925','verify-test','SGD','PHP',100,1774116918969);
INSERT INTO "conversions" ("id","user_id","from_currency","to_currency","amount","timestamp") VALUES('6de308fc-fd29-4d12-acf5-c16bd4660637','63a5ad90-924a-4ea5-9861-7156cb7fc8e9','SAR','PHP',1,1774116963344);
INSERT INTO "conversions" ("id","user_id","from_currency","to_currency","amount","timestamp") VALUES('5e2c1064-0cc6-49d4-8bd4-6459ef2259a2','63a5ad90-924a-4ea5-9861-7156cb7fc8e9','SGD','PHP',1,1774116963888);
INSERT INTO "conversions" ("id","user_id","from_currency","to_currency","amount","timestamp") VALUES('5b80b398-8de3-48f0-8eef-d14af86750b5','63a5ad90-924a-4ea5-9861-7156cb7fc8e9','SAR','PHP',1,1774117140142);
INSERT INTO "conversions" ("id","user_id","from_currency","to_currency","amount","timestamp") VALUES('88046b21-719c-49af-80ef-bb04957b827b','63a5ad90-924a-4ea5-9861-7156cb7fc8e9','SGD','PHP',1,1774117140697);
INSERT INTO "conversions" ("id","user_id","from_currency","to_currency","amount","timestamp") VALUES('9a17989c-b953-4c49-b4e0-cc0971a1fcef','e9ac2d83-0f50-4308-a035-0a96e87a187a','SAR','PHP',1,1774117163555);
INSERT INTO "conversions" ("id","user_id","from_currency","to_currency","amount","timestamp") VALUES('9cef9066-47a8-4891-b1a8-ee5f4464ba08','e9ac2d83-0f50-4308-a035-0a96e87a187a','PHP','AED',1,1774117164255);
INSERT INTO "conversions" ("id","user_id","from_currency","to_currency","amount","timestamp") VALUES('dddf645d-32db-40bd-a3a0-a1b2d557fce4','e9ac2d83-0f50-4308-a035-0a96e87a187a','AED','PHP',1,1774117175760);
INSERT INTO "conversions" ("id","user_id","from_currency","to_currency","amount","timestamp") VALUES('8f36f48e-0acc-4a05-afc0-ee0d5c72429e','e9ac2d83-0f50-4308-a035-0a96e87a187a','PHP','AED',1,1774117179064);
INSERT INTO "conversions" ("id","user_id","from_currency","to_currency","amount","timestamp") VALUES('dd900821-49ea-4f0d-a0b0-3827b4e06f48','e9ac2d83-0f50-4308-a035-0a96e87a187a','AED','PHP',1,1774117195749);
INSERT INTO "conversions" ("id","user_id","from_currency","to_currency","amount","timestamp") VALUES('a744664b-c51e-4b71-878a-5ea40f705423','e9ac2d83-0f50-4308-a035-0a96e87a187a','PHP','AED',1,1774117215280);
INSERT INTO "conversions" ("id","user_id","from_currency","to_currency","amount","timestamp") VALUES('f2a752af-13f3-490d-885c-7437da2ec1fa','e9ac2d83-0f50-4308-a035-0a96e87a187a','AED','PHP',1,1774117221647);
INSERT INTO "conversions" ("id","user_id","from_currency","to_currency","amount","timestamp") VALUES('7c7725ca-8e9d-4781-87bd-c7f0d8881633','ebfb8adc-a8a9-46b3-bb9d-c6fbdc87f998','SGD','PHP',1,1774117289389);
INSERT INTO "conversions" ("id","user_id","from_currency","to_currency","amount","timestamp") VALUES('7f3e6698-3ba0-40b0-b0ac-46c8a385c42f','ebfb8adc-a8a9-46b3-bb9d-c6fbdc87f998','SGD','PHP',1,1774117294112);
INSERT INTO "conversions" ("id","user_id","from_currency","to_currency","amount","timestamp") VALUES('0a5eaa86-1d29-402f-a094-68a26b93b65f','ebfb8adc-a8a9-46b3-bb9d-c6fbdc87f998','SGD','PHP',1,1774117332324);
INSERT INTO "conversions" ("id","user_id","from_currency","to_currency","amount","timestamp") VALUES('2abbdfdc-6b46-412c-8588-fc55e5c28494','ebfb8adc-a8a9-46b3-bb9d-c6fbdc87f998','SGD','PHP',1,1774117340243);
INSERT INTO "conversions" ("id","user_id","from_currency","to_currency","amount","timestamp") VALUES('2e9bc6bb-866d-41dc-8bec-a312622ec395','ebfb8adc-a8a9-46b3-bb9d-c6fbdc87f998','SGD','PHP',1,1774117341297);
INSERT INTO "conversions" ("id","user_id","from_currency","to_currency","amount","timestamp") VALUES('cd247724-5656-4a0f-8a28-ce00564867a3','ebfb8adc-a8a9-46b3-bb9d-c6fbdc87f998','SGD','PHP',1,1774117394379);
INSERT INTO "conversions" ("id","user_id","from_currency","to_currency","amount","timestamp") VALUES('7ae41317-038b-46e0-858d-460ce38e5692','ebfb8adc-a8a9-46b3-bb9d-c6fbdc87f998','SGD','PHP',1,1774117407023);
INSERT INTO "conversions" ("id","user_id","from_currency","to_currency","amount","timestamp") VALUES('1c813925-8d4f-488c-87a6-1599fa62291b','ebfb8adc-a8a9-46b3-bb9d-c6fbdc87f998','SGD','PHP',1,1774117411365);
INSERT INTO "conversions" ("id","user_id","from_currency","to_currency","amount","timestamp") VALUES('8ae9d405-7222-4b65-bec7-d612aa69e2c0','ebfb8adc-a8a9-46b3-bb9d-c6fbdc87f998','SGD','PHP',1,1774118116589);
INSERT INTO "conversions" ("id","user_id","from_currency","to_currency","amount","timestamp") VALUES('43eac977-7643-45ee-8e92-6c7fa66fa6b0','ebfb8adc-a8a9-46b3-bb9d-c6fbdc87f998','SGD','PHP',1,1774118215263);
INSERT INTO "conversions" ("id","user_id","from_currency","to_currency","amount","timestamp") VALUES('c81d5136-1809-4141-a167-ff0efbfb8f81','6415e6d8-fca0-4e87-9707-f70081ec912b','PHP','PHP',1,1774119215951);
INSERT INTO "conversions" ("id","user_id","from_currency","to_currency","amount","timestamp") VALUES('287dce83-be8e-41bf-98f6-a1dea025e4a2','6415e6d8-fca0-4e87-9707-f70081ec912b','NZD','PHP',1,1774119216781);
INSERT INTO "conversions" ("id","user_id","from_currency","to_currency","amount","timestamp") VALUES('fe23ad29-1586-447e-b64d-fa29718e9ea6','6415e6d8-fca0-4e87-9707-f70081ec912b','SGD','PHP',1,1774119226936);
INSERT INTO "conversions" ("id","user_id","from_currency","to_currency","amount","timestamp") VALUES('e16a8316-e162-4a6b-b73e-dfbd6b9034cc','6415e6d8-fca0-4e87-9707-f70081ec912b','SAR','PHP',1,1774119229667);
INSERT INTO "conversions" ("id","user_id","from_currency","to_currency","amount","timestamp") VALUES('9ee1c72b-fb58-4512-96a3-97c10ef6a1ac','6415e6d8-fca0-4e87-9707-f70081ec912b','AED','PHP',1,1774119234096);
INSERT INTO "conversions" ("id","user_id","from_currency","to_currency","amount","timestamp") VALUES('e3427993-8299-42f1-bdde-b36b0cfdc821','6415e6d8-fca0-4e87-9707-f70081ec912b','QAR','PHP',1,1774119239544);
INSERT INTO "conversions" ("id","user_id","from_currency","to_currency","amount","timestamp") VALUES('667477a0-c201-4424-8c3d-22129a7392a2','6415e6d8-fca0-4e87-9707-f70081ec912b','BHD','PHP',1,1774119242882);
INSERT INTO "conversions" ("id","user_id","from_currency","to_currency","amount","timestamp") VALUES('4020b3ea-7d2a-457f-95b9-2d4b69023153','ebfb8adc-a8a9-46b3-bb9d-c6fbdc87f998','SGD','PHP',1,1774119487746);
INSERT INTO "conversions" ("id","user_id","from_currency","to_currency","amount","timestamp") VALUES('ce0c3aef-618b-4668-91d5-5858525b1e85','72d7d638-7608-4aa5-92a6-8db2e2f3a7ae','SGD','PHP',1,1774119569624);
INSERT INTO "conversions" ("id","user_id","from_currency","to_currency","amount","timestamp") VALUES('a0404cb6-cd4b-49af-bd87-366639698087','72d7d638-7608-4aa5-92a6-8db2e2f3a7ae','SGD','PHP',1,1774119581734);
INSERT INTO "conversions" ("id","user_id","from_currency","to_currency","amount","timestamp") VALUES('cdcfd999-a6eb-4248-8251-624c8f50e803','72d7d638-7608-4aa5-92a6-8db2e2f3a7ae','SGD','PHP',1,1774119654724);
INSERT INTO "conversions" ("id","user_id","from_currency","to_currency","amount","timestamp") VALUES('681dce10-cb27-4d49-8c78-248f0ce19dd5','72d7d638-7608-4aa5-92a6-8db2e2f3a7ae','SGD','PHP',1,1774119656040);
INSERT INTO "conversions" ("id","user_id","from_currency","to_currency","amount","timestamp") VALUES('7471a42f-b8ad-4055-8099-d889e909f0a9','72d7d638-7608-4aa5-92a6-8db2e2f3a7ae','SGD','PHP',1,1774119657874);
INSERT INTO "conversions" ("id","user_id","from_currency","to_currency","amount","timestamp") VALUES('c2323f5c-1755-4e9d-937c-ac03568b427a','72d7d638-7608-4aa5-92a6-8db2e2f3a7ae','SGD','PHP',1,1774119661527);
INSERT INTO "conversions" ("id","user_id","from_currency","to_currency","amount","timestamp") VALUES('87d022f0-9598-4c5f-aaee-6afb17db2ee7','6415e6d8-fca0-4e87-9707-f70081ec912b','PHP','PHP',1,1774119671996);
INSERT INTO "conversions" ("id","user_id","from_currency","to_currency","amount","timestamp") VALUES('d9cd320a-d1f1-4a85-a47e-0fc477e6fbab','6415e6d8-fca0-4e87-9707-f70081ec912b','PHP','PHP',1,1774120040458);
INSERT INTO "conversions" ("id","user_id","from_currency","to_currency","amount","timestamp") VALUES('2ebc5d0a-7be6-4f0a-82fc-b667b4ef8ba3','6415e6d8-fca0-4e87-9707-f70081ec912b','PHP','PHP',1,1774120044219);
INSERT INTO "conversions" ("id","user_id","from_currency","to_currency","amount","timestamp") VALUES('769b181a-449c-4750-bcaf-8eb3cb24253b','6415e6d8-fca0-4e87-9707-f70081ec912b','PHP','PHP',1,1774120052083);
INSERT INTO "conversions" ("id","user_id","from_currency","to_currency","amount","timestamp") VALUES('339827c8-44cf-4ef3-858f-cfd153244e7d','6415e6d8-fca0-4e87-9707-f70081ec912b','PHP','PHP',1,1774120054538);
INSERT INTO "conversions" ("id","user_id","from_currency","to_currency","amount","timestamp") VALUES('ab4f433b-61b8-45ca-b6e2-4571b0d12b51','6415e6d8-fca0-4e87-9707-f70081ec912b','PHP','PHP',1,1774120056963);
INSERT INTO "conversions" ("id","user_id","from_currency","to_currency","amount","timestamp") VALUES('c1b74c23-2a8a-4438-a21a-0972316ffee5','6415e6d8-fca0-4e87-9707-f70081ec912b','PHP','PHP',1,1774120059254);
INSERT INTO "conversions" ("id","user_id","from_currency","to_currency","amount","timestamp") VALUES('dd805949-71d0-4f9d-9084-0f555c8612ef','72d7d638-7608-4aa5-92a6-8db2e2f3a7ae','SGD','PHP',1,1774120745391);
INSERT INTO "conversions" ("id","user_id","from_currency","to_currency","amount","timestamp") VALUES('525bcbb6-9dff-4b01-9c6a-ff25f33ecd28','6415e6d8-fca0-4e87-9707-f70081ec912b','PHP','PHP',1,1774120807688);
INSERT INTO "conversions" ("id","user_id","from_currency","to_currency","amount","timestamp") VALUES('5bef9688-4fbd-4c2a-bc4d-949c2de64574','6415e6d8-fca0-4e87-9707-f70081ec912b','PHP','PHP',1,1774120867631);
INSERT INTO "conversions" ("id","user_id","from_currency","to_currency","amount","timestamp") VALUES('17a8ed22-bdcc-4662-93fb-4d6cdc0e24a0','6415e6d8-fca0-4e87-9707-f70081ec912b','PHP','PHP',1,1774120868747);
INSERT INTO "conversions" ("id","user_id","from_currency","to_currency","amount","timestamp") VALUES('30cabeb9-1be0-4656-a347-d5399ea57eba','6415e6d8-fca0-4e87-9707-f70081ec912b','PHP','PHP',1,1774120882981);
INSERT INTO "conversions" ("id","user_id","from_currency","to_currency","amount","timestamp") VALUES('c72b8b98-b81f-4287-94bc-39c9c807250c','72d7d638-7608-4aa5-92a6-8db2e2f3a7ae','SGD','PHP',1,1774120964345);
INSERT INTO "conversions" ("id","user_id","from_currency","to_currency","amount","timestamp") VALUES('440ce46b-5e02-4c82-8bc6-70a0427de72e','6415e6d8-fca0-4e87-9707-f70081ec912b','PHP','PHP',1,1774120980828);
INSERT INTO "conversions" ("id","user_id","from_currency","to_currency","amount","timestamp") VALUES('920ad2ed-e6ce-4586-90cc-3dadd51f935f','6415e6d8-fca0-4e87-9707-f70081ec912b','PHP','PHP',1,1774121055904);
INSERT INTO "conversions" ("id","user_id","from_currency","to_currency","amount","timestamp") VALUES('1610d442-d2d1-4a95-aef3-d725b99c00f0','6415e6d8-fca0-4e87-9707-f70081ec912b','PHP','PHP',1,1774121069206);
INSERT INTO "conversions" ("id","user_id","from_currency","to_currency","amount","timestamp") VALUES('ccdfcb06-499f-450b-9504-c6729a8ebae5','6415e6d8-fca0-4e87-9707-f70081ec912b','PHP','PHP',1,1774121176833);
INSERT INTO "conversions" ("id","user_id","from_currency","to_currency","amount","timestamp") VALUES('ec758fc7-4794-474c-b666-7f87749aee6e','72d7d638-7608-4aa5-92a6-8db2e2f3a7ae','SGD','PHP',1,1774121185567);
INSERT INTO "conversions" ("id","user_id","from_currency","to_currency","amount","timestamp") VALUES('327b562b-baad-4ddf-848b-656a42d47f38','6415e6d8-fca0-4e87-9707-f70081ec912b','PHP','PHP',1,1774121192678);
INSERT INTO "conversions" ("id","user_id","from_currency","to_currency","amount","timestamp") VALUES('459de828-527d-4ac6-aa09-981d57c6b1c1','6415e6d8-fca0-4e87-9707-f70081ec912b','PHP','PHP',1,1774121196253);
INSERT INTO "conversions" ("id","user_id","from_currency","to_currency","amount","timestamp") VALUES('a6bbd8f1-bf81-4185-b4a1-a6e35ce61c35','6415e6d8-fca0-4e87-9707-f70081ec912b','PHP','PHP',1,1774121202681);
INSERT INTO "conversions" ("id","user_id","from_currency","to_currency","amount","timestamp") VALUES('5f5c32f5-4905-417c-b724-b3fe6d864805','6415e6d8-fca0-4e87-9707-f70081ec912b','PHP','PHP',1,1774121205151);
INSERT INTO "conversions" ("id","user_id","from_currency","to_currency","amount","timestamp") VALUES('801d668f-de9a-459b-a119-57cbbd088cc2','6415e6d8-fca0-4e87-9707-f70081ec912b','PHP','PHP',1,1774121207931);
INSERT INTO "conversions" ("id","user_id","from_currency","to_currency","amount","timestamp") VALUES('6aa11613-87fb-4b19-8621-eb6606f296ab','6415e6d8-fca0-4e87-9707-f70081ec912b','PHP','PHP',1,1774121257148);
INSERT INTO "conversions" ("id","user_id","from_currency","to_currency","amount","timestamp") VALUES('ce159066-c630-476d-901f-3956b1c9c33f','6415e6d8-fca0-4e87-9707-f70081ec912b','PHP','PHP',1,1774121260128);
INSERT INTO "conversions" ("id","user_id","from_currency","to_currency","amount","timestamp") VALUES('3a7e97df-c633-4c95-b03b-785377195260','6415e6d8-fca0-4e87-9707-f70081ec912b','PHP','PHP',1,1774121266704);
INSERT INTO "conversions" ("id","user_id","from_currency","to_currency","amount","timestamp") VALUES('bf5fcbab-2635-427f-902c-b5f7cc8ed943','6415e6d8-fca0-4e87-9707-f70081ec912b','PHP','PHP',1,1774121293750);
INSERT INTO "conversions" ("id","user_id","from_currency","to_currency","amount","timestamp") VALUES('8653e51a-3ad9-47cd-b967-745526e5e56e','6415e6d8-fca0-4e87-9707-f70081ec912b','PHP','PHP',1,1774121328256);
INSERT INTO "conversions" ("id","user_id","from_currency","to_currency","amount","timestamp") VALUES('ba786bae-be73-493b-8a84-236ff4735546','6415e6d8-fca0-4e87-9707-f70081ec912b','PHP','PHP',1,1774121606542);
INSERT INTO "conversions" ("id","user_id","from_currency","to_currency","amount","timestamp") VALUES('381a457f-1477-43ad-bca5-0415204bd955','6415e6d8-fca0-4e87-9707-f70081ec912b','PHP','PHP',1,1774121609728);
INSERT INTO "conversions" ("id","user_id","from_currency","to_currency","amount","timestamp") VALUES('8acc200f-5ea9-4ca1-af67-c0b870901dbf','6415e6d8-fca0-4e87-9707-f70081ec912b','PHP','PHP',1,1774121651123);
INSERT INTO "conversions" ("id","user_id","from_currency","to_currency","amount","timestamp") VALUES('4d2bfc6b-1a51-4788-9c3d-2dbba15fd302','6415e6d8-fca0-4e87-9707-f70081ec912b','PHP','PHP',1,1774121714639);
INSERT INTO "conversions" ("id","user_id","from_currency","to_currency","amount","timestamp") VALUES('3a0e42bd-3074-4180-9b01-94b4053c2c88','6415e6d8-fca0-4e87-9707-f70081ec912b','PHP','PHP',1,1774121745033);
INSERT INTO "conversions" ("id","user_id","from_currency","to_currency","amount","timestamp") VALUES('258cb873-6732-4768-9cf4-abc51a04396f','6415e6d8-fca0-4e87-9707-f70081ec912b','PHP','PHP',1,1774121747455);
INSERT INTO "conversions" ("id","user_id","from_currency","to_currency","amount","timestamp") VALUES('19236d5e-3bda-4301-89b7-35af3ae9a74d','6415e6d8-fca0-4e87-9707-f70081ec912b','PHP','PHP',1,1774121748806);
INSERT INTO "conversions" ("id","user_id","from_currency","to_currency","amount","timestamp") VALUES('d1d95ba6-9516-4988-a914-b8851fa07489','6415e6d8-fca0-4e87-9707-f70081ec912b','PHP','PHP',1,1774121750404);
INSERT INTO "conversions" ("id","user_id","from_currency","to_currency","amount","timestamp") VALUES('cfe2d16c-623d-48df-b22c-bd402b6018df','6415e6d8-fca0-4e87-9707-f70081ec912b','PHP','PHP',1,1774121751794);
INSERT INTO "conversions" ("id","user_id","from_currency","to_currency","amount","timestamp") VALUES('e3853205-7376-4ef6-8827-e92a3648f50d','6415e6d8-fca0-4e87-9707-f70081ec912b','PHP','PHP',1,1774121758954);
INSERT INTO "conversions" ("id","user_id","from_currency","to_currency","amount","timestamp") VALUES('2f6adbcf-68c9-40b6-96e5-a123720f04ee','6415e6d8-fca0-4e87-9707-f70081ec912b','PHP','PHP',1,1774121761469);
INSERT INTO "conversions" ("id","user_id","from_currency","to_currency","amount","timestamp") VALUES('49c40e24-23fc-4c3d-b95a-4e0f21dffab3','72d7d638-7608-4aa5-92a6-8db2e2f3a7ae','SGD','PHP',1,1774121769668);
INSERT INTO "conversions" ("id","user_id","from_currency","to_currency","amount","timestamp") VALUES('aaa93fad-32d8-46b0-b8bd-7ba3e6165e9d','6415e6d8-fca0-4e87-9707-f70081ec912b','PHP','PHP',1,1774121770481);
INSERT INTO "conversions" ("id","user_id","from_currency","to_currency","amount","timestamp") VALUES('dcfcf48b-61fa-42bf-84b8-f977e41bbf14','6415e6d8-fca0-4e87-9707-f70081ec912b','PHP','PHP',1,1774121772167);
INSERT INTO "conversions" ("id","user_id","from_currency","to_currency","amount","timestamp") VALUES('08f89976-b3c6-4c00-8b3d-173ff112d8ee','6415e6d8-fca0-4e87-9707-f70081ec912b','PHP','PHP',1,1774121773691);
INSERT INTO "conversions" ("id","user_id","from_currency","to_currency","amount","timestamp") VALUES('39c72792-6cb9-492f-8c78-fc0fb51fcd0f','6415e6d8-fca0-4e87-9707-f70081ec912b','PHP','PHP',1,1774121781555);
INSERT INTO "conversions" ("id","user_id","from_currency","to_currency","amount","timestamp") VALUES('5eca20a9-4162-4308-9c94-3540782523f6','6415e6d8-fca0-4e87-9707-f70081ec912b','PHP','PHP',1,1774121783336);
INSERT INTO "conversions" ("id","user_id","from_currency","to_currency","amount","timestamp") VALUES('b0c39785-1b25-4b27-8bf1-09340efc181a','6415e6d8-fca0-4e87-9707-f70081ec912b','PHP','PHP',1,1774121787154);
INSERT INTO "conversions" ("id","user_id","from_currency","to_currency","amount","timestamp") VALUES('1a349385-d866-4e6c-82b3-3dccb8564674','6415e6d8-fca0-4e87-9707-f70081ec912b','PHP','PHP',1,1774121788650);
INSERT INTO "conversions" ("id","user_id","from_currency","to_currency","amount","timestamp") VALUES('55bcdb27-5d94-4dc9-a42f-485fb6053a9e','72d7d638-7608-4aa5-92a6-8db2e2f3a7ae','SGD','PHP',1,1774121794372);
INSERT INTO "conversions" ("id","user_id","from_currency","to_currency","amount","timestamp") VALUES('25f7ac9b-1f7b-48e0-926c-2289dc6c31d4','6415e6d8-fca0-4e87-9707-f70081ec912b','PHP','PHP',1,1774121796873);
INSERT INTO "conversions" ("id","user_id","from_currency","to_currency","amount","timestamp") VALUES('2f2b026b-237f-4263-9461-776b9fb3c295','6415e6d8-fca0-4e87-9707-f70081ec912b','PHP','PHP',1,1774121798948);
INSERT INTO "conversions" ("id","user_id","from_currency","to_currency","amount","timestamp") VALUES('b764a2ef-9af9-4a7c-80c1-d9d652e8238b','6415e6d8-fca0-4e87-9707-f70081ec912b','PHP','PHP',1,1774121818992);
INSERT INTO "conversions" ("id","user_id","from_currency","to_currency","amount","timestamp") VALUES('2c47aaef-eaea-4b24-8a17-c2e6e37bb33c','6415e6d8-fca0-4e87-9707-f70081ec912b','PHP','PHP',1,1774121830083);
INSERT INTO "conversions" ("id","user_id","from_currency","to_currency","amount","timestamp") VALUES('574e2dc2-d6d6-4ff7-b932-a0c4d1038f91','6415e6d8-fca0-4e87-9707-f70081ec912b','PHP','PHP',1,1774121835401);
INSERT INTO "conversions" ("id","user_id","from_currency","to_currency","amount","timestamp") VALUES('a3b62ca8-1162-4436-b67c-580351f677ad','6415e6d8-fca0-4e87-9707-f70081ec912b','PHP','PHP',1,1774121838112);
INSERT INTO "conversions" ("id","user_id","from_currency","to_currency","amount","timestamp") VALUES('d0340455-f19d-40b8-aded-db60b68f71b4','6415e6d8-fca0-4e87-9707-f70081ec912b','PHP','PHP',1,1774121841152);
INSERT INTO "conversions" ("id","user_id","from_currency","to_currency","amount","timestamp") VALUES('cf3991a5-efa2-4e06-ad15-06efcce0c85e','6415e6d8-fca0-4e87-9707-f70081ec912b','PHP','PHP',1,1774121842287);
INSERT INTO "conversions" ("id","user_id","from_currency","to_currency","amount","timestamp") VALUES('e5a4aca3-98b2-4f6b-9358-ffb0a26f910b','72d7d638-7608-4aa5-92a6-8db2e2f3a7ae','SGD','PHP',1,1774121857064);
INSERT INTO "conversions" ("id","user_id","from_currency","to_currency","amount","timestamp") VALUES('bc29baa1-a23e-4834-bbe3-4a08cc76152d','72d7d638-7608-4aa5-92a6-8db2e2f3a7ae','SGD','PHP',1,1774121859278);
INSERT INTO "conversions" ("id","user_id","from_currency","to_currency","amount","timestamp") VALUES('c8693d49-63d5-4b23-9b52-d74a98476867','72d7d638-7608-4aa5-92a6-8db2e2f3a7ae','SGD','PHP',1,1774121861235);
INSERT INTO "conversions" ("id","user_id","from_currency","to_currency","amount","timestamp") VALUES('61be4585-131c-4690-90d5-e4e6a8d7c311','72d7d638-7608-4aa5-92a6-8db2e2f3a7ae','SGD','PHP',1,1774121862840);
INSERT INTO "conversions" ("id","user_id","from_currency","to_currency","amount","timestamp") VALUES('55a04163-900a-4fa7-b107-ce3afc721681','72d7d638-7608-4aa5-92a6-8db2e2f3a7ae','SGD','PHP',1,1774121876351);
INSERT INTO "conversions" ("id","user_id","from_currency","to_currency","amount","timestamp") VALUES('f614a379-d9f5-4176-921e-3aa57695f2d7','6415e6d8-fca0-4e87-9707-f70081ec912b','PHP','PHP',1,1774122147432);
INSERT INTO "conversions" ("id","user_id","from_currency","to_currency","amount","timestamp") VALUES('78664e86-e5ba-4bf0-9964-440ef3ff2ed5','6415e6d8-fca0-4e87-9707-f70081ec912b','PHP','PHP',1,1774122148306);
INSERT INTO "conversions" ("id","user_id","from_currency","to_currency","amount","timestamp") VALUES('f772d809-3bc3-41f3-ae9c-834aff80e6e3','6415e6d8-fca0-4e87-9707-f70081ec912b','PHP','PHP',1,1774122165753);
INSERT INTO "conversions" ("id","user_id","from_currency","to_currency","amount","timestamp") VALUES('ab0be685-b3e6-422e-a6a5-867e9c82227e','6415e6d8-fca0-4e87-9707-f70081ec912b','PHP','PHP',1,1774122167094);
INSERT INTO "conversions" ("id","user_id","from_currency","to_currency","amount","timestamp") VALUES('03994566-d4c9-4f70-b430-16a054bd56fb','6415e6d8-fca0-4e87-9707-f70081ec912b','PHP','PHP',1,1774122167890);
INSERT INTO "conversions" ("id","user_id","from_currency","to_currency","amount","timestamp") VALUES('a1096a24-469f-40f5-985e-d0f3801cb791','6415e6d8-fca0-4e87-9707-f70081ec912b','PHP','PHP',1,1774122168708);
INSERT INTO "conversions" ("id","user_id","from_currency","to_currency","amount","timestamp") VALUES('e71d7a6f-06c8-4764-95bc-5af6f6afec03','6415e6d8-fca0-4e87-9707-f70081ec912b','PHP','PHP',1,1774122169942);
INSERT INTO "conversions" ("id","user_id","from_currency","to_currency","amount","timestamp") VALUES('866eaa9f-680e-4f59-be68-f48fe6102288','6415e6d8-fca0-4e87-9707-f70081ec912b','PHP','PHP',1,1774122170492);
INSERT INTO "conversions" ("id","user_id","from_currency","to_currency","amount","timestamp") VALUES('08388e97-bf36-4494-804a-a5a4df156638','6415e6d8-fca0-4e87-9707-f70081ec912b','PHP','PHP',1,1774122171745);
INSERT INTO "conversions" ("id","user_id","from_currency","to_currency","amount","timestamp") VALUES('8a27c4b0-4960-4c1a-bff5-2b6b785230f1','6415e6d8-fca0-4e87-9707-f70081ec912b','PHP','PHP',1,1774122186088);
INSERT INTO "conversions" ("id","user_id","from_currency","to_currency","amount","timestamp") VALUES('44d40994-50be-48c4-ab64-5083f37656b1','72d7d638-7608-4aa5-92a6-8db2e2f3a7ae','SGD','PHP',1,1774122191527);
INSERT INTO "conversions" ("id","user_id","from_currency","to_currency","amount","timestamp") VALUES('dc826ef9-ec9b-4388-a30f-1d746e0a2eb0','6415e6d8-fca0-4e87-9707-f70081ec912b','PHP','PHP',1,1774122216107);
INSERT INTO "conversions" ("id","user_id","from_currency","to_currency","amount","timestamp") VALUES('adda5dd3-bc5c-42dd-905d-8f8e91f0dc76','6415e6d8-fca0-4e87-9707-f70081ec912b','PHP','PHP',1,1774122217461);
INSERT INTO "conversions" ("id","user_id","from_currency","to_currency","amount","timestamp") VALUES('2062995a-6383-4a72-ba29-ab9191e2e130','6415e6d8-fca0-4e87-9707-f70081ec912b','PHP','PHP',1,1774122247736);
INSERT INTO "conversions" ("id","user_id","from_currency","to_currency","amount","timestamp") VALUES('d0953215-e5b9-4f32-9aa6-d24d233291fd','6415e6d8-fca0-4e87-9707-f70081ec912b','PHP','PHP',1,1774122257552);
INSERT INTO "conversions" ("id","user_id","from_currency","to_currency","amount","timestamp") VALUES('d7d83ea1-ed56-4d0c-b83b-2dded899ba89','6415e6d8-fca0-4e87-9707-f70081ec912b','PHP','PHP',1,1774122372390);
INSERT INTO "conversions" ("id","user_id","from_currency","to_currency","amount","timestamp") VALUES('a9ed6c89-d02a-47f1-8db3-5ed33519e4b8','6415e6d8-fca0-4e87-9707-f70081ec912b','PHP','PHP',1,1774122375965);
INSERT INTO "conversions" ("id","user_id","from_currency","to_currency","amount","timestamp") VALUES('3565449c-6271-404e-85e0-d5739532e0ae','6415e6d8-fca0-4e87-9707-f70081ec912b','PHP','PHP',1,1774122378131);
INSERT INTO "conversions" ("id","user_id","from_currency","to_currency","amount","timestamp") VALUES('485752e6-b446-43bf-bf92-f51a8136c594','6415e6d8-fca0-4e87-9707-f70081ec912b','PHP','PHP',1,1774122379977);
INSERT INTO "conversions" ("id","user_id","from_currency","to_currency","amount","timestamp") VALUES('1ba3eb49-8834-449e-92a4-b8fa1e7f11a7','6415e6d8-fca0-4e87-9707-f70081ec912b','PHP','PHP',1,1774122390827);
INSERT INTO "conversions" ("id","user_id","from_currency","to_currency","amount","timestamp") VALUES('b0aab022-6a84-4722-aedd-426818ef18e0','6415e6d8-fca0-4e87-9707-f70081ec912b','PHP','PHP',1,1774122396886);
INSERT INTO "conversions" ("id","user_id","from_currency","to_currency","amount","timestamp") VALUES('44c3c13b-d9d9-400a-af38-2d9ce2bb9328','6415e6d8-fca0-4e87-9707-f70081ec912b','PHP','PHP',1,1774122400419);
INSERT INTO "conversions" ("id","user_id","from_currency","to_currency","amount","timestamp") VALUES('b260725a-2066-4d1f-8d1a-ad4b5a473880','6415e6d8-fca0-4e87-9707-f70081ec912b','PHP','PHP',1,1774122411467);
INSERT INTO "conversions" ("id","user_id","from_currency","to_currency","amount","timestamp") VALUES('33a84277-b05c-47e8-9030-edcf735dcb73','6415e6d8-fca0-4e87-9707-f70081ec912b','PHP','PHP',1,1774122412915);
INSERT INTO "conversions" ("id","user_id","from_currency","to_currency","amount","timestamp") VALUES('18c8a787-8be7-46c2-afed-cf3aff43ca8a','6415e6d8-fca0-4e87-9707-f70081ec912b','PHP','PHP',1,1774122414136);
INSERT INTO "conversions" ("id","user_id","from_currency","to_currency","amount","timestamp") VALUES('bd49beb1-e56b-4524-9eca-563fcee0e8dd','6415e6d8-fca0-4e87-9707-f70081ec912b','PHP','PHP',1,1774122415506);
INSERT INTO "conversions" ("id","user_id","from_currency","to_currency","amount","timestamp") VALUES('27fafad9-49ae-4609-aebe-5b5a20f212e0','6415e6d8-fca0-4e87-9707-f70081ec912b','PHP','PHP',1,1774122416410);
INSERT INTO "conversions" ("id","user_id","from_currency","to_currency","amount","timestamp") VALUES('925bf95a-c1f2-453b-939b-c97846dfb8a5','6415e6d8-fca0-4e87-9707-f70081ec912b','PHP','PHP',1,1774122417620);
INSERT INTO "conversions" ("id","user_id","from_currency","to_currency","amount","timestamp") VALUES('17573267-77da-4342-b60c-f24ece4c3936','6415e6d8-fca0-4e87-9707-f70081ec912b','PHP','PHP',1,1774122418951);
INSERT INTO "conversions" ("id","user_id","from_currency","to_currency","amount","timestamp") VALUES('05c1034c-7656-4965-bf12-5927ab3d7215','6415e6d8-fca0-4e87-9707-f70081ec912b','PHP','PHP',1,1774122420006);
INSERT INTO "conversions" ("id","user_id","from_currency","to_currency","amount","timestamp") VALUES('f6b01ba7-bc00-4557-ae0b-a99555c97089','6415e6d8-fca0-4e87-9707-f70081ec912b','PHP','PHP',1,1774122421079);
INSERT INTO "conversions" ("id","user_id","from_currency","to_currency","amount","timestamp") VALUES('7d1211e7-d26b-4294-b574-6080e26a7cf9','6415e6d8-fca0-4e87-9707-f70081ec912b','PHP','PHP',1,1774122421904);
INSERT INTO "conversions" ("id","user_id","from_currency","to_currency","amount","timestamp") VALUES('fcd09b70-aa45-47cc-a5d5-dd67d85d3fec','6415e6d8-fca0-4e87-9707-f70081ec912b','PHP','PHP',1,1774122425585);
INSERT INTO "conversions" ("id","user_id","from_currency","to_currency","amount","timestamp") VALUES('f4b7725b-e805-4b73-a1c4-884d0a3720cc','6415e6d8-fca0-4e87-9707-f70081ec912b','PHP','PHP',1,1774122427184);
INSERT INTO "conversions" ("id","user_id","from_currency","to_currency","amount","timestamp") VALUES('6e9adf31-d04b-4525-8795-5d99ba66ae36','6415e6d8-fca0-4e87-9707-f70081ec912b','PHP','PHP',1,1774122453832);
INSERT INTO "conversions" ("id","user_id","from_currency","to_currency","amount","timestamp") VALUES('c01851a1-9d9a-425d-85a5-783527184b00','6415e6d8-fca0-4e87-9707-f70081ec912b','PHP','PHP',1,1774122456940);
INSERT INTO "conversions" ("id","user_id","from_currency","to_currency","amount","timestamp") VALUES('c84b8ad2-faa8-4b06-9414-4052249ddf85','6415e6d8-fca0-4e87-9707-f70081ec912b','PHP','PHP',1,1774122458193);
INSERT INTO "conversions" ("id","user_id","from_currency","to_currency","amount","timestamp") VALUES('ecb06710-0aff-4b15-8226-f85602516922','6415e6d8-fca0-4e87-9707-f70081ec912b','PHP','PHP',1,1774122480922);
INSERT INTO "conversions" ("id","user_id","from_currency","to_currency","amount","timestamp") VALUES('ba431e46-c45d-42eb-bf23-6bcbef90aeb9','6415e6d8-fca0-4e87-9707-f70081ec912b','PHP','PHP',1,1774122498297);
INSERT INTO "conversions" ("id","user_id","from_currency","to_currency","amount","timestamp") VALUES('1b8d8cc9-9f26-4b10-b9c5-7d4f56a4ba80','6415e6d8-fca0-4e87-9707-f70081ec912b','PHP','PHP',1,1774122499200);
INSERT INTO "conversions" ("id","user_id","from_currency","to_currency","amount","timestamp") VALUES('236160d4-e935-4ecf-89ce-7ff1460714c2','6415e6d8-fca0-4e87-9707-f70081ec912b','PHP','PHP',1,1774122499841);
INSERT INTO "conversions" ("id","user_id","from_currency","to_currency","amount","timestamp") VALUES('6d9d273a-12f1-40d3-a38e-2534dc92f2ae','6415e6d8-fca0-4e87-9707-f70081ec912b','PHP','PHP',1,1774122500080);
INSERT INTO "conversions" ("id","user_id","from_currency","to_currency","amount","timestamp") VALUES('ac9e7a65-4f79-412e-b077-16b02cec9f94','6415e6d8-fca0-4e87-9707-f70081ec912b','PHP','PHP',1,1774122503478);
INSERT INTO "conversions" ("id","user_id","from_currency","to_currency","amount","timestamp") VALUES('609d08ca-56ec-4af0-9fca-4221eb88f186','6415e6d8-fca0-4e87-9707-f70081ec912b','PHP','PHP',1,1774122537521);
INSERT INTO "conversions" ("id","user_id","from_currency","to_currency","amount","timestamp") VALUES('5c671f81-7951-49c7-9841-983f900ba5e4','6415e6d8-fca0-4e87-9707-f70081ec912b','PHP','PHP',1,1774122543119);
INSERT INTO "conversions" ("id","user_id","from_currency","to_currency","amount","timestamp") VALUES('ac8df789-419d-439d-85c0-df0bea96657f','6415e6d8-fca0-4e87-9707-f70081ec912b','PHP','PHP',1,1774122543983);
INSERT INTO "conversions" ("id","user_id","from_currency","to_currency","amount","timestamp") VALUES('1a038872-649b-4a07-ba42-763f6fc97b7e','6415e6d8-fca0-4e87-9707-f70081ec912b','PHP','PHP',1,1774122544283);
INSERT INTO "conversions" ("id","user_id","from_currency","to_currency","amount","timestamp") VALUES('ad798e78-8fb1-41db-ab1c-ffc7a3fe02b1','6415e6d8-fca0-4e87-9707-f70081ec912b','PHP','PHP',1,1774122557482);
INSERT INTO "conversions" ("id","user_id","from_currency","to_currency","amount","timestamp") VALUES('81f697ff-60e1-49f1-bf2b-e4f3c70391df','6415e6d8-fca0-4e87-9707-f70081ec912b','PHP','PHP',1,1774122567430);
INSERT INTO "conversions" ("id","user_id","from_currency","to_currency","amount","timestamp") VALUES('c094e2e2-92d7-447a-9a9d-90e5ddf5ff38','6415e6d8-fca0-4e87-9707-f70081ec912b','PHP','PHP',1,1774122573468);
INSERT INTO "conversions" ("id","user_id","from_currency","to_currency","amount","timestamp") VALUES('9fa15ffc-eb64-4242-afe5-fcad66d0cb84','6415e6d8-fca0-4e87-9707-f70081ec912b','PHP','PHP',1,1774122585813);
INSERT INTO "conversions" ("id","user_id","from_currency","to_currency","amount","timestamp") VALUES('0282a3d1-38f1-4813-b008-08969e5f0817','6415e6d8-fca0-4e87-9707-f70081ec912b','PHP','PHP',1,1774122587229);
INSERT INTO "conversions" ("id","user_id","from_currency","to_currency","amount","timestamp") VALUES('a00bbb7a-a618-4579-8da0-881e6ad7bd30','6415e6d8-fca0-4e87-9707-f70081ec912b','PHP','PHP',1,1774123117984);
INSERT INTO "conversions" ("id","user_id","from_currency","to_currency","amount","timestamp") VALUES('3412568f-8fe3-4b6c-b2ee-5bf0cbd70c55','6415e6d8-fca0-4e87-9707-f70081ec912b','PHP','PHP',1,1774123121375);
INSERT INTO "conversions" ("id","user_id","from_currency","to_currency","amount","timestamp") VALUES('f4bc3b34-b60e-4831-9fb0-d25a9064a815','6415e6d8-fca0-4e87-9707-f70081ec912b','PHP','PHP',1,1774123125520);
INSERT INTO "conversions" ("id","user_id","from_currency","to_currency","amount","timestamp") VALUES('c2a3456c-4cfb-45c2-890c-8abfa63073fa','72d7d638-7608-4aa5-92a6-8db2e2f3a7ae','SGD','PHP',1,1774123137284);
INSERT INTO "conversions" ("id","user_id","from_currency","to_currency","amount","timestamp") VALUES('22fcfc2c-6b61-4e26-8696-ab8a9b76b242','6415e6d8-fca0-4e87-9707-f70081ec912b','PHP','PHP',1,1774123256454);
INSERT INTO "conversions" ("id","user_id","from_currency","to_currency","amount","timestamp") VALUES('3c35005d-617b-4b5b-afc9-c0c7292504be','6415e6d8-fca0-4e87-9707-f70081ec912b','PHP','PHP',1,1774123263805);
INSERT INTO "conversions" ("id","user_id","from_currency","to_currency","amount","timestamp") VALUES('5039c4e7-ddd4-4551-872c-d3d056a0e16f','6415e6d8-fca0-4e87-9707-f70081ec912b','PHP','PHP',1,1774123275737);
INSERT INTO "conversions" ("id","user_id","from_currency","to_currency","amount","timestamp") VALUES('f7f2f285-c2b5-4566-99ab-b318b5ec0c2b','949aa3fb-d52e-45bb-a14a-54eafbb5309d','SAR','PHP',1,1774123486979);
INSERT INTO "conversions" ("id","user_id","from_currency","to_currency","amount","timestamp") VALUES('19efe089-7060-4b24-9f84-fc3b0e270bd6','949aa3fb-d52e-45bb-a14a-54eafbb5309d','SAR','PHP',1,1774123644575);
INSERT INTO "conversions" ("id","user_id","from_currency","to_currency","amount","timestamp") VALUES('7d4e98ee-2c60-42db-86e9-6993ad5d4d1f','949aa3fb-d52e-45bb-a14a-54eafbb5309d','SAR','PHP',1,1774123660505);
INSERT INTO "conversions" ("id","user_id","from_currency","to_currency","amount","timestamp") VALUES('2e87d77c-8b24-4195-815b-718b2cb57cdb','949aa3fb-d52e-45bb-a14a-54eafbb5309d','SAR','PHP',1,1774123661700);
INSERT INTO "conversions" ("id","user_id","from_currency","to_currency","amount","timestamp") VALUES('faed6fd3-4142-4ccc-952f-cb8539237ef8','ea1f4554-5600-4a59-9b4c-2c4e474a2662','QAR','PHP',1,1774124019164);
INSERT INTO "conversions" ("id","user_id","from_currency","to_currency","amount","timestamp") VALUES('25917de0-82d6-42d7-8495-12bea72c14a8','42904719-f0e2-47a2-ade9-5d00eac7288b','PHP','PHP',1,1774124028328);
INSERT INTO "conversions" ("id","user_id","from_currency","to_currency","amount","timestamp") VALUES('2d722171-73f8-4729-84cc-741099562b1c','ea1f4554-5600-4a59-9b4c-2c4e474a2662','QAR','PHP',1,1774124039751);
INSERT INTO "conversions" ("id","user_id","from_currency","to_currency","amount","timestamp") VALUES('8602abea-b9c1-41a8-b1f1-b676b7107e48','42904719-f0e2-47a2-ade9-5d00eac7288b','PHP','PHP',1,1774124937907);
INSERT INTO "conversions" ("id","user_id","from_currency","to_currency","amount","timestamp") VALUES('0d58d565-fb49-4fbe-9cbb-9c6e70eaff5f','42904719-f0e2-47a2-ade9-5d00eac7288b','PHP','PHP',1,1774124938882);
INSERT INTO "conversions" ("id","user_id","from_currency","to_currency","amount","timestamp") VALUES('18a2f640-7746-48b4-85ef-72ce4dce7c0d','42904719-f0e2-47a2-ade9-5d00eac7288b','PHP','PHP',1,1774124939110);
INSERT INTO "conversions" ("id","user_id","from_currency","to_currency","amount","timestamp") VALUES('14c32aaf-7d87-486c-96e6-aabd1df04ea6','42904719-f0e2-47a2-ade9-5d00eac7288b','PHP','PHP',1,1774124940512);
INSERT INTO "conversions" ("id","user_id","from_currency","to_currency","amount","timestamp") VALUES('02e2e9cf-f49d-49c8-b18a-f521449589d0','42904719-f0e2-47a2-ade9-5d00eac7288b','PHP','PHP',1,1774124957978);
INSERT INTO "conversions" ("id","user_id","from_currency","to_currency","amount","timestamp") VALUES('80e0e174-71f7-406b-9a97-285637681e6d','42904719-f0e2-47a2-ade9-5d00eac7288b','PHP','PHP',1,1774124959371);
INSERT INTO "conversions" ("id","user_id","from_currency","to_currency","amount","timestamp") VALUES('d26a02ee-2002-497e-a0c7-ce0a24fb3c48','42904719-f0e2-47a2-ade9-5d00eac7288b','PHP','PHP',1,1774124960080);
INSERT INTO "conversions" ("id","user_id","from_currency","to_currency","amount","timestamp") VALUES('661459ef-e025-49cc-a117-84c414bbf4db','42904719-f0e2-47a2-ade9-5d00eac7288b','PHP','PHP',1,1774124960317);
INSERT INTO "conversions" ("id","user_id","from_currency","to_currency","amount","timestamp") VALUES('db4c04c7-9716-471f-bb1c-2d0c82b6a775','42904719-f0e2-47a2-ade9-5d00eac7288b','PHP','PHP',1,1774124962765);
INSERT INTO "conversions" ("id","user_id","from_currency","to_currency","amount","timestamp") VALUES('42d633fc-10e9-4f97-8e2a-fcc54b09c54c','72d7d638-7608-4aa5-92a6-8db2e2f3a7ae','SGD','PHP',1,1774125248638);
INSERT INTO "conversions" ("id","user_id","from_currency","to_currency","amount","timestamp") VALUES('aefb962f-95d5-43bc-ac72-b1c0b0092de0','42904719-f0e2-47a2-ade9-5d00eac7288b','PHP','PHP',1,1774125876092);
INSERT INTO "conversions" ("id","user_id","from_currency","to_currency","amount","timestamp") VALUES('6cb8d073-7516-4ab9-8108-7bb7cc09cbf3','2190ffe2-e758-42d5-9141-2b2359e980f7','BHD','PHP',1,1774126052659);
INSERT INTO "conversions" ("id","user_id","from_currency","to_currency","amount","timestamp") VALUES('e3a9f7f2-e383-4b42-9bc5-35837b1fe9b1','eb4ce154-f8ad-4bd1-b472-103418c5be55','BHD','PHP',1,1774127058149);
INSERT INTO "conversions" ("id","user_id","from_currency","to_currency","amount","timestamp") VALUES('029ccf81-34db-4c0b-8264-080a91304a30','eb4ce154-f8ad-4bd1-b472-103418c5be55','BHD','PHP',1,1774127064940);
INSERT INTO "conversions" ("id","user_id","from_currency","to_currency","amount","timestamp") VALUES('79af7b32-7271-41a9-ad0d-8d15c60e17cb','bf46a6b3-fd7d-4894-9e0b-0cf0918c580d','SAR','PHP',1,1774128972837);
INSERT INTO "conversions" ("id","user_id","from_currency","to_currency","amount","timestamp") VALUES('bb78b735-0937-4146-8f8c-187cd0192fb3','6d3641c1-941d-45ae-8425-823d5bef4e0b','QAR','PHP',1,1774129177233);
INSERT INTO "conversions" ("id","user_id","from_currency","to_currency","amount","timestamp") VALUES('b9ff7edf-3481-4014-9bda-84bfffd8f118','6d3641c1-941d-45ae-8425-823d5bef4e0b','QAR','PHP',1,1774129187102);
INSERT INTO "conversions" ("id","user_id","from_currency","to_currency","amount","timestamp") VALUES('c417d7ad-349e-4bbd-ae8f-f92f41d9ed79','6d3641c1-941d-45ae-8425-823d5bef4e0b','QAR','PHP',1,1774129191094);
INSERT INTO "conversions" ("id","user_id","from_currency","to_currency","amount","timestamp") VALUES('6d27cbe5-9c6b-4e35-89b9-a6cbdcc0a8c8','6d3641c1-941d-45ae-8425-823d5bef4e0b','QAR','PHP',1,1774129212686);
INSERT INTO "conversions" ("id","user_id","from_currency","to_currency","amount","timestamp") VALUES('7245cc9d-cf23-43d6-b472-d4ef847d6cad','6d3641c1-941d-45ae-8425-823d5bef4e0b','QAR','PHP',1,1774129213361);
INSERT INTO "conversions" ("id","user_id","from_currency","to_currency","amount","timestamp") VALUES('2e4158f8-e7d6-4db8-9a77-2f89e60d62d8','6d3641c1-941d-45ae-8425-823d5bef4e0b','QAR','PHP',1,1774129218497);
INSERT INTO "conversions" ("id","user_id","from_currency","to_currency","amount","timestamp") VALUES('55be4945-a9b2-465c-b5c8-12f005b740c6','42904719-f0e2-47a2-ade9-5d00eac7288b','PHP','PHP',1,1774144737285);
INSERT INTO "conversions" ("id","user_id","from_currency","to_currency","amount","timestamp") VALUES('833c7f4c-7a3a-4688-b3a6-6b3afb6d8503','42904719-f0e2-47a2-ade9-5d00eac7288b','PHP','PHP',1,1774144741143);
INSERT INTO "conversions" ("id","user_id","from_currency","to_currency","amount","timestamp") VALUES('562b55d8-41f4-4892-97cd-8fa6e578b8e7','42904719-f0e2-47a2-ade9-5d00eac7288b','PHP','PHP',1,1774145363472);
INSERT INTO "conversions" ("id","user_id","from_currency","to_currency","amount","timestamp") VALUES('2c1b2d95-b112-4dca-98de-4f003532e8fa','42904719-f0e2-47a2-ade9-5d00eac7288b','PHP','PHP',1,1774145370472);
INSERT INTO "conversions" ("id","user_id","from_currency","to_currency","amount","timestamp") VALUES('d702ac96-48a4-4706-9380-86c96ded5bd3','42904719-f0e2-47a2-ade9-5d00eac7288b','PHP','PHP',1,1774145971435);
INSERT INTO "conversions" ("id","user_id","from_currency","to_currency","amount","timestamp") VALUES('7acd5f5f-9bbd-4a0f-a67e-5e997450d5f6','42904719-f0e2-47a2-ade9-5d00eac7288b','PHP','PHP',1,1774145972295);
INSERT INTO "conversions" ("id","user_id","from_currency","to_currency","amount","timestamp") VALUES('d1075fb5-9764-4c99-b33a-af356b2965ec','42904719-f0e2-47a2-ade9-5d00eac7288b','PHP','PHP',1,1774145972326);
INSERT INTO "conversions" ("id","user_id","from_currency","to_currency","amount","timestamp") VALUES('df1efdab-798a-4357-b35c-25b9989ab794','42904719-f0e2-47a2-ade9-5d00eac7288b','PHP','PHP',1,1774146194722);
INSERT INTO "conversions" ("id","user_id","from_currency","to_currency","amount","timestamp") VALUES('96c41318-3d4c-46a0-b670-b5303c753848','42904719-f0e2-47a2-ade9-5d00eac7288b','PHP','PHP',1,1774146202830);
INSERT INTO "conversions" ("id","user_id","from_currency","to_currency","amount","timestamp") VALUES('9b314452-85d8-463c-8398-f5a82c2039ac','42904719-f0e2-47a2-ade9-5d00eac7288b','PHP','PHP',1,1774146504226);
INSERT INTO "conversions" ("id","user_id","from_currency","to_currency","amount","timestamp") VALUES('1b69a096-3c2a-4856-8ff6-652c57bdd9d8','42904719-f0e2-47a2-ade9-5d00eac7288b','PHP','PHP',1,1774146521753);
INSERT INTO "conversions" ("id","user_id","from_currency","to_currency","amount","timestamp") VALUES('450e5052-d4a1-4682-8333-228395ad7ced','42904719-f0e2-47a2-ade9-5d00eac7288b','PHP','PHP',1,1774146522509);
INSERT INTO "conversions" ("id","user_id","from_currency","to_currency","amount","timestamp") VALUES('25686e10-5bcf-4682-91b4-d94c62fef4b3','42904719-f0e2-47a2-ade9-5d00eac7288b','PHP','PHP',1,1774146522839);
INSERT INTO "conversions" ("id","user_id","from_currency","to_currency","amount","timestamp") VALUES('d58b3cee-1b3a-4787-b4a7-fc3dc96ef157','42904719-f0e2-47a2-ade9-5d00eac7288b','PHP','PHP',1,1774147442911);
INSERT INTO "conversions" ("id","user_id","from_currency","to_currency","amount","timestamp") VALUES('76a23c83-d511-41b7-85e8-d26236cd07ac','42904719-f0e2-47a2-ade9-5d00eac7288b','PHP','PHP',1,1774147443403);
INSERT INTO "conversions" ("id","user_id","from_currency","to_currency","amount","timestamp") VALUES('ffc587cf-13a1-4fa7-9c5b-604244c2a5bf','42904719-f0e2-47a2-ade9-5d00eac7288b','PHP','PHP',1,1774147443637);
INSERT INTO "conversions" ("id","user_id","from_currency","to_currency","amount","timestamp") VALUES('5951f77b-93e7-48a7-a38c-f1aaadbb7300','42904719-f0e2-47a2-ade9-5d00eac7288b','PHP','PHP',1,1774147448886);
INSERT INTO "conversions" ("id","user_id","from_currency","to_currency","amount","timestamp") VALUES('c8e720a9-cda2-466e-a848-3c1728d29894','42904719-f0e2-47a2-ade9-5d00eac7288b','PHP','PHP',1,1774147471445);
INSERT INTO "conversions" ("id","user_id","from_currency","to_currency","amount","timestamp") VALUES('538de1bf-001b-4ae1-8bca-2a4f4a9725a0','42904719-f0e2-47a2-ade9-5d00eac7288b','PHP','PHP',1,1774147471860);
INSERT INTO "conversions" ("id","user_id","from_currency","to_currency","amount","timestamp") VALUES('8c53e9ac-1115-4622-b8b0-25a7cdaa11ae','42904719-f0e2-47a2-ade9-5d00eac7288b','PHP','PHP',1,1774148130955);
INSERT INTO "conversions" ("id","user_id","from_currency","to_currency","amount","timestamp") VALUES('5da0f896-e7c3-4688-8f8e-24b21480d956','42904719-f0e2-47a2-ade9-5d00eac7288b','PHP','PHP',1,1774148131515);
INSERT INTO "conversions" ("id","user_id","from_currency","to_currency","amount","timestamp") VALUES('34c5b38d-39b2-46da-8966-28395b6feb97','42904719-f0e2-47a2-ade9-5d00eac7288b','PHP','PHP',1,1774148131740);
INSERT INTO "conversions" ("id","user_id","from_currency","to_currency","amount","timestamp") VALUES('0df92897-987f-4412-9512-8db4a782c1e0','42904719-f0e2-47a2-ade9-5d00eac7288b','PHP','PHP',1,1774148143569);
INSERT INTO "conversions" ("id","user_id","from_currency","to_currency","amount","timestamp") VALUES('ec2ccff4-3a48-4d11-a6e6-77ec696473ec','42904719-f0e2-47a2-ade9-5d00eac7288b','PHP','PHP',1,1774148152779);
INSERT INTO "conversions" ("id","user_id","from_currency","to_currency","amount","timestamp") VALUES('67e7ba72-b6e9-45ef-bc23-5a590593fbff','42904719-f0e2-47a2-ade9-5d00eac7288b','PHP','PHP',1,1774148153385);
INSERT INTO "conversions" ("id","user_id","from_currency","to_currency","amount","timestamp") VALUES('80e920b8-0906-4e99-b202-4f72ac5baa30','42904719-f0e2-47a2-ade9-5d00eac7288b','PHP','PHP',1,1774148153619);
INSERT INTO "conversions" ("id","user_id","from_currency","to_currency","amount","timestamp") VALUES('7ce6cfc9-af75-40f2-aa1e-421fef81747d','42904719-f0e2-47a2-ade9-5d00eac7288b','PHP','PHP',1,1774148181693);
INSERT INTO "conversions" ("id","user_id","from_currency","to_currency","amount","timestamp") VALUES('106c66fa-0185-4c59-b767-9d49a07bd5c8','42904719-f0e2-47a2-ade9-5d00eac7288b','PHP','PHP',1,1774148181933);
INSERT INTO "conversions" ("id","user_id","from_currency","to_currency","amount","timestamp") VALUES('f54c70a0-c026-48c7-b28b-97113310d9e2','42904719-f0e2-47a2-ade9-5d00eac7288b','PHP','PHP',1,1774148183956);
INSERT INTO "conversions" ("id","user_id","from_currency","to_currency","amount","timestamp") VALUES('219dca8f-f879-4717-bf05-656071798b02','42904719-f0e2-47a2-ade9-5d00eac7288b','PHP','PHP',1,1774148217599);
INSERT INTO "conversions" ("id","user_id","from_currency","to_currency","amount","timestamp") VALUES('0464248a-5946-413e-83d0-ad7bf9314eaa','42904719-f0e2-47a2-ade9-5d00eac7288b','PHP','PHP',1,1774148224462);
INSERT INTO "conversions" ("id","user_id","from_currency","to_currency","amount","timestamp") VALUES('54363129-5a35-42d0-8dd7-99b0041072e3','42904719-f0e2-47a2-ade9-5d00eac7288b','PHP','PHP',1,1774148370992);
INSERT INTO "conversions" ("id","user_id","from_currency","to_currency","amount","timestamp") VALUES('6854bb27-425f-40cb-826b-bf79e25beac6','eb4ce154-f8ad-4bd1-b472-103418c5be55','BHD','PHP',1,1774153297998);
INSERT INTO "conversions" ("id","user_id","from_currency","to_currency","amount","timestamp") VALUES('5f509156-2842-441b-b551-ed5295ad33c5','eb4ce154-f8ad-4bd1-b472-103418c5be55','BHD','PHP',1,1774153302490);
INSERT INTO "conversions" ("id","user_id","from_currency","to_currency","amount","timestamp") VALUES('3f0f622f-3369-4233-9afb-dd122b8fee56','42904719-f0e2-47a2-ade9-5d00eac7288b','PHP','PHP',1,1774157290296);
INSERT INTO "conversions" ("id","user_id","from_currency","to_currency","amount","timestamp") VALUES('618d6597-ca2e-4da0-a5f2-5b967f048936','cc551df4-05f0-4582-adc4-520fa6dd9ac9','SGD','PHP',1,1774164981981);
INSERT INTO "conversions" ("id","user_id","from_currency","to_currency","amount","timestamp") VALUES('09851569-51b3-4c45-ba52-9bb47b725cc7','cc551df4-05f0-4582-adc4-520fa6dd9ac9','SGD','PHP',1,1774173740050);
INSERT INTO "conversions" ("id","user_id","from_currency","to_currency","amount","timestamp") VALUES('250ec6e6-2fd5-4f76-990b-6c66374d89de','3c270c92-4ce6-45ee-ae9f-56dc6d9c45c2','BHD','PHP',1,1774178966177);
INSERT INTO "conversions" ("id","user_id","from_currency","to_currency","amount","timestamp") VALUES('267ce4bd-9b96-4dac-b967-619d0ccce44b','42904719-f0e2-47a2-ade9-5d00eac7288b','PHP','PHP',1,1774185744330);
INSERT INTO "conversions" ("id","user_id","from_currency","to_currency","amount","timestamp") VALUES('106b987f-0e78-4466-bca8-0f21c776d493','42904719-f0e2-47a2-ade9-5d00eac7288b','PHP','PHP',1,1774185749730);
INSERT INTO "conversions" ("id","user_id","from_currency","to_currency","amount","timestamp") VALUES('b9f54347-0bc4-4dd1-b0f2-9c69789906ca','42904719-f0e2-47a2-ade9-5d00eac7288b','BHD','PHP',1,1774185756848);
INSERT INTO "conversions" ("id","user_id","from_currency","to_currency","amount","timestamp") VALUES('4ea3b301-2a8b-4a5a-b084-e09a0673f0ca','42904719-f0e2-47a2-ade9-5d00eac7288b','USD','PHP',1,1774185765273);
INSERT INTO "conversions" ("id","user_id","from_currency","to_currency","amount","timestamp") VALUES('adb6bad0-ce92-4f0f-ac99-84ebfe083ad4','42904719-f0e2-47a2-ade9-5d00eac7288b','GBP','PHP',1,1774185770453);
INSERT INTO "conversions" ("id","user_id","from_currency","to_currency","amount","timestamp") VALUES('e7b6d12b-aa9b-430a-8e27-2f9c388f996b','42904719-f0e2-47a2-ade9-5d00eac7288b','GBP','PHP',1,1774185773461);
INSERT INTO "conversions" ("id","user_id","from_currency","to_currency","amount","timestamp") VALUES('651d8449-9792-40e5-b838-9ea71ca8bab0','42904719-f0e2-47a2-ade9-5d00eac7288b','QAR','PHP',1,1774185779770);
INSERT INTO "conversions" ("id","user_id","from_currency","to_currency","amount","timestamp") VALUES('4ea9687c-eac1-4601-a856-365e5822ccd9','42904719-f0e2-47a2-ade9-5d00eac7288b','SGD','PHP',1,1774185784577);
INSERT INTO "conversions" ("id","user_id","from_currency","to_currency","amount","timestamp") VALUES('0bc55ce3-6dd7-46c6-8911-add144ec0a78','42904719-f0e2-47a2-ade9-5d00eac7288b','SAR','PHP',1,1774185791978);
INSERT INTO "conversions" ("id","user_id","from_currency","to_currency","amount","timestamp") VALUES('5502a375-58bc-4984-b14d-d89f0d37f5e8','42904719-f0e2-47a2-ade9-5d00eac7288b','QAR','PHP',1,1774185798734);
INSERT INTO "conversions" ("id","user_id","from_currency","to_currency","amount","timestamp") VALUES('d8812e11-83d8-4331-829b-e692b600f0d8','42904719-f0e2-47a2-ade9-5d00eac7288b','BHD','PHP',1,1774185802908);
INSERT INTO "conversions" ("id","user_id","from_currency","to_currency","amount","timestamp") VALUES('0f745000-e0ed-418b-a0bf-961345ddd3d1','42904719-f0e2-47a2-ade9-5d00eac7288b','BHD','PHP',1,1774185805071);
INSERT INTO "conversions" ("id","user_id","from_currency","to_currency","amount","timestamp") VALUES('46a58af1-6113-436c-905e-482706be5717','42904719-f0e2-47a2-ade9-5d00eac7288b','BHD','PHP',1,1774185805843);
INSERT INTO "conversions" ("id","user_id","from_currency","to_currency","amount","timestamp") VALUES('e5cbd215-891f-4800-80e9-e0a4f32e1ac2','42904719-f0e2-47a2-ade9-5d00eac7288b','BHD','PHP',1,1774185806032);
INSERT INTO "conversions" ("id","user_id","from_currency","to_currency","amount","timestamp") VALUES('d6e863cf-2354-4269-a187-bef07d77091f','42904719-f0e2-47a2-ade9-5d00eac7288b','JPY','PHP',1,1774185813462);
INSERT INTO "conversions" ("id","user_id","from_currency","to_currency","amount","timestamp") VALUES('2c919026-4059-418f-974f-a32560a3688e','42904719-f0e2-47a2-ade9-5d00eac7288b','QAR','PHP',1,1774185821013);
INSERT INTO "conversions" ("id","user_id","from_currency","to_currency","amount","timestamp") VALUES('d545411d-b899-48b9-8aa4-15d08a56192b','42904719-f0e2-47a2-ade9-5d00eac7288b','EUR','PHP',1,1774185836582);
INSERT INTO "conversions" ("id","user_id","from_currency","to_currency","amount","timestamp") VALUES('45ca3a9d-44eb-40dc-8fb1-395ae89d7fdd','42904719-f0e2-47a2-ade9-5d00eac7288b','SAR','PHP',1,1774185854654);
INSERT INTO "conversions" ("id","user_id","from_currency","to_currency","amount","timestamp") VALUES('950f576c-ef7d-4e1c-b85f-1a5b7d47f7fc','42904719-f0e2-47a2-ade9-5d00eac7288b','TWD','PHP',1,1774185865068);
INSERT INTO "conversions" ("id","user_id","from_currency","to_currency","amount","timestamp") VALUES('59af17f5-d6ef-42b1-a097-32d3bf4ef046','42904719-f0e2-47a2-ade9-5d00eac7288b','OMR','PHP',1,1774185874554);
INSERT INTO "conversions" ("id","user_id","from_currency","to_currency","amount","timestamp") VALUES('3e54d75f-5428-4ed9-bde8-f5ca0fcc2876','42904719-f0e2-47a2-ade9-5d00eac7288b','BHD','PHP',1,1774185880076);
INSERT INTO "conversions" ("id","user_id","from_currency","to_currency","amount","timestamp") VALUES('e0489b78-c089-422b-a757-755804248ed1','42904719-f0e2-47a2-ade9-5d00eac7288b','BHD','PHP',1,1774185886495);
INSERT INTO "conversions" ("id","user_id","from_currency","to_currency","amount","timestamp") VALUES('79c96982-1e66-4f8c-afd1-579a5c8c5215','42904719-f0e2-47a2-ade9-5d00eac7288b','SAR','PHP',1,1774185889208);
INSERT INTO "conversions" ("id","user_id","from_currency","to_currency","amount","timestamp") VALUES('fe568ab7-60f0-4bfe-ac25-9ccb7c3cf9ce','42904719-f0e2-47a2-ade9-5d00eac7288b','SGD','PHP',1,1774185892722);
INSERT INTO "conversions" ("id","user_id","from_currency","to_currency","amount","timestamp") VALUES('e7732de8-289b-4c24-8fbd-8e733cb781cb','42904719-f0e2-47a2-ade9-5d00eac7288b','SGD','PHP',1,1774185899988);
INSERT INTO "conversions" ("id","user_id","from_currency","to_currency","amount","timestamp") VALUES('0f02c59c-a087-4005-b88b-c9659c4d673a','42904719-f0e2-47a2-ade9-5d00eac7288b','SAR','PHP',1,1774185907744);
INSERT INTO "conversions" ("id","user_id","from_currency","to_currency","amount","timestamp") VALUES('1f985b7c-23fb-4100-87c2-5e8d9ffd966d','42904719-f0e2-47a2-ade9-5d00eac7288b','USD','PHP',1,1774185918409);
INSERT INTO "conversions" ("id","user_id","from_currency","to_currency","amount","timestamp") VALUES('4d4362cf-9247-4734-bf90-b20c73c18df8','42904719-f0e2-47a2-ade9-5d00eac7288b','USD','PHP',1,1774185923533);
INSERT INTO "conversions" ("id","user_id","from_currency","to_currency","amount","timestamp") VALUES('510825f2-d7cd-495b-8909-07647834d9f2','42904719-f0e2-47a2-ade9-5d00eac7288b','USD','PHP',1,1774187270192);
INSERT INTO "conversions" ("id","user_id","from_currency","to_currency","amount","timestamp") VALUES('a25802f1-885c-45a6-b5c2-c4fd995ee9c9','42904719-f0e2-47a2-ade9-5d00eac7288b','SAR','PHP',1,1774187274572);
INSERT INTO "conversions" ("id","user_id","from_currency","to_currency","amount","timestamp") VALUES('cfb96698-c021-40f1-87b6-259feab10d12','42904719-f0e2-47a2-ade9-5d00eac7288b','OMR','PHP',1,1774187280106);
INSERT INTO "conversions" ("id","user_id","from_currency","to_currency","amount","timestamp") VALUES('5ac6547d-0670-4f1b-b374-556d5d54478f','42904719-f0e2-47a2-ade9-5d00eac7288b','BHD','PHP',1,1774187282812);
INSERT INTO "conversions" ("id","user_id","from_currency","to_currency","amount","timestamp") VALUES('f1fa2885-e6de-424c-bef2-b0ec6880d4b6','42904719-f0e2-47a2-ade9-5d00eac7288b','EUR','PHP',1,1774189413000);
INSERT INTO "conversions" ("id","user_id","from_currency","to_currency","amount","timestamp") VALUES('e337f647-c418-4558-adb1-80938b06964a','42904719-f0e2-47a2-ade9-5d00eac7288b','TWD','PHP',1,1774189419686);
INSERT INTO "conversions" ("id","user_id","from_currency","to_currency","amount","timestamp") VALUES('48697342-ec97-4f6b-b880-ffb21e6703eb','42904719-f0e2-47a2-ade9-5d00eac7288b','AED','PHP',1,1774189423613);
INSERT INTO "conversions" ("id","user_id","from_currency","to_currency","amount","timestamp") VALUES('164d4330-b399-4148-bd6e-96667ab47672','42904719-f0e2-47a2-ade9-5d00eac7288b','USD','PHP',1,1774189435111);
INSERT INTO "conversions" ("id","user_id","from_currency","to_currency","amount","timestamp") VALUES('b5e474ba-b5be-4ce8-8d80-b0e372fe51dd','42904719-f0e2-47a2-ade9-5d00eac7288b','SGD','PHP',1,1774189447001);
INSERT INTO "conversions" ("id","user_id","from_currency","to_currency","amount","timestamp") VALUES('40b190bf-1288-4646-8112-5b72d6b2fd62','42904719-f0e2-47a2-ade9-5d00eac7288b','USD','PHP',1,1774189450735);
INSERT INTO "conversions" ("id","user_id","from_currency","to_currency","amount","timestamp") VALUES('ed988486-9978-4bc7-a680-8d460067e619','42904719-f0e2-47a2-ade9-5d00eac7288b','SAR','PHP',1,1774189454758);
INSERT INTO "conversions" ("id","user_id","from_currency","to_currency","amount","timestamp") VALUES('1c0d3d06-de31-4aff-88f1-8f10c52f86b5','42904719-f0e2-47a2-ade9-5d00eac7288b','AED','PHP',1,1774189458234);
INSERT INTO "conversions" ("id","user_id","from_currency","to_currency","amount","timestamp") VALUES('81af8d16-5e89-4661-8206-20227b064367','42904719-f0e2-47a2-ade9-5d00eac7288b','BHD','PHP',1,1774189463475);
INSERT INTO "conversions" ("id","user_id","from_currency","to_currency","amount","timestamp") VALUES('0d03d894-e198-4dc9-b749-60f918816b01','42904719-f0e2-47a2-ade9-5d00eac7288b','BHD','PHP',1,1774196244571);
INSERT INTO "conversions" ("id","user_id","from_currency","to_currency","amount","timestamp") VALUES('71d6bdcd-893a-4d89-9d17-61205171ff08','42904719-f0e2-47a2-ade9-5d00eac7288b','BHD','PHP',1,1774196249427);
INSERT INTO "conversions" ("id","user_id","from_currency","to_currency","amount","timestamp") VALUES('e540e16f-5a27-4391-855f-bd5bb5650167','42904719-f0e2-47a2-ade9-5d00eac7288b','SAR','PHP',1,1774196254589);
INSERT INTO "conversions" ("id","user_id","from_currency","to_currency","amount","timestamp") VALUES('fd7cab6b-f3a5-4214-aab4-6d3ed9ed38fa','42904719-f0e2-47a2-ade9-5d00eac7288b','SAR','PHP',1,1774198620604);
INSERT INTO "conversions" ("id","user_id","from_currency","to_currency","amount","timestamp") VALUES('97380e05-68f8-497e-868a-74782b4cc172','42904719-f0e2-47a2-ade9-5d00eac7288b','SAR','PHP',1,1774198621817);
INSERT INTO "conversions" ("id","user_id","from_currency","to_currency","amount","timestamp") VALUES('d6d2589f-cbe4-4e94-a381-92c4539823be','42904719-f0e2-47a2-ade9-5d00eac7288b','SAR','PHP',1,1774198622048);
INSERT INTO "conversions" ("id","user_id","from_currency","to_currency","amount","timestamp") VALUES('90a39110-0758-45d5-b7b9-5c6f7767f04d','42904719-f0e2-47a2-ade9-5d00eac7288b','AED','PHP',1,1774198625641);
INSERT INTO "conversions" ("id","user_id","from_currency","to_currency","amount","timestamp") VALUES('68c006d9-4b76-4780-8796-e6f4d4f7cb81','42904719-f0e2-47a2-ade9-5d00eac7288b','QAR','PHP',1,1774198630978);
INSERT INTO "conversions" ("id","user_id","from_currency","to_currency","amount","timestamp") VALUES('8bbe765d-7cba-47fa-b531-91f18de36c22','42904719-f0e2-47a2-ade9-5d00eac7288b','QAR','PHP',1,1774198680348);
INSERT INTO "conversions" ("id","user_id","from_currency","to_currency","amount","timestamp") VALUES('2bce13c6-3fbc-4784-89b1-87cea0bc7d67','42904719-f0e2-47a2-ade9-5d00eac7288b','QAR','PHP',1,1774198680863);
INSERT INTO "conversions" ("id","user_id","from_currency","to_currency","amount","timestamp") VALUES('9e2d3648-7d71-4606-85ed-65b06e9d0fdb','42904719-f0e2-47a2-ade9-5d00eac7288b','QAR','PHP',1,1774198681102);
INSERT INTO "conversions" ("id","user_id","from_currency","to_currency","amount","timestamp") VALUES('f5e38e00-0c93-40e8-8004-f32435ef2e8b','42904719-f0e2-47a2-ade9-5d00eac7288b','QAR','PHP',1,1774198683272);
INSERT INTO "conversions" ("id","user_id","from_currency","to_currency","amount","timestamp") VALUES('bba08898-50f5-4539-8039-836548d91eaa','42904719-f0e2-47a2-ade9-5d00eac7288b','USD','PHP',1,1774199170467);
INSERT INTO "conversions" ("id","user_id","from_currency","to_currency","amount","timestamp") VALUES('5587980f-5e2d-4c5f-99c0-19e1f5f6b6e2','42904719-f0e2-47a2-ade9-5d00eac7288b','USD','PHP',1,1774199180897);
INSERT INTO "conversions" ("id","user_id","from_currency","to_currency","amount","timestamp") VALUES('133d2cfa-d3bd-4bea-82bf-200c6e661cd1','42904719-f0e2-47a2-ade9-5d00eac7288b','USD','PHP',1,1774199181010);
INSERT INTO "conversions" ("id","user_id","from_currency","to_currency","amount","timestamp") VALUES('af50365b-e46d-4d3b-807c-4b4422ad4b08','42904719-f0e2-47a2-ade9-5d00eac7288b','USD','PHP',1,1774200369535);
INSERT INTO "conversions" ("id","user_id","from_currency","to_currency","amount","timestamp") VALUES('e4e10b46-ddba-4660-b986-aeb714bdefe7','3c270c92-4ce6-45ee-ae9f-56dc6d9c45c2','BHD','PHP',1,1774201769728);
INSERT INTO "conversions" ("id","user_id","from_currency","to_currency","amount","timestamp") VALUES('c14f612a-d7a4-4a44-b63a-e1135d7d565c','42904719-f0e2-47a2-ade9-5d00eac7288b','USD','PHP',1,1774228323426);
INSERT INTO "conversions" ("id","user_id","from_currency","to_currency","amount","timestamp") VALUES('2073b274-2ed8-4cb2-b1b0-8d7a54f12adc','42904719-f0e2-47a2-ade9-5d00eac7288b','USD','PHP',1,1774228324728);
INSERT INTO "conversions" ("id","user_id","from_currency","to_currency","amount","timestamp") VALUES('ff2c79b1-0faf-4454-b5fd-65076e874ee9','42904719-f0e2-47a2-ade9-5d00eac7288b','QAR','PHP',1,1774228338891);
INSERT INTO "conversions" ("id","user_id","from_currency","to_currency","amount","timestamp") VALUES('15a5b0db-f4c6-4bac-90fa-92ae4dd8c5e2','guest','SGD','PHP',1,1774235479363);
INSERT INTO "conversions" ("id","user_id","from_currency","to_currency","amount","timestamp") VALUES('fd505cbe-0150-41a6-a7f3-548cb6132cb4','guest','SGD','PHP',1,1774235479945);
INSERT INTO "conversions" ("id","user_id","from_currency","to_currency","amount","timestamp") VALUES('3ce3ae4f-3282-4c04-bdec-63d8970cc9ed','anon','USD','PHP',100,1774235677968);
INSERT INTO "conversions" ("id","user_id","from_currency","to_currency","amount","timestamp") VALUES('203d2918-1071-400f-9074-aec25e6b1067','anon','USD','PHP',100,1774235678665);
INSERT INTO "conversions" ("id","user_id","from_currency","to_currency","amount","timestamp") VALUES('be6ef5d9-bd77-418a-a22c-32030bd8a2a0','guest','SGD','PHP',1,1774238673489);
INSERT INTO "conversions" ("id","user_id","from_currency","to_currency","amount","timestamp") VALUES('8a7bbcfc-4ffa-485f-a88f-d3f622ba90c4','guest','SGD','PHP',1,1774238711359);
INSERT INTO "conversions" ("id","user_id","from_currency","to_currency","amount","timestamp") VALUES('c563cebd-d36a-43b4-8804-7ddbc3c2f559','guest','SGD','PHP',1,1774238773946);
INSERT INTO "conversions" ("id","user_id","from_currency","to_currency","amount","timestamp") VALUES('a6c37fa5-2f76-4550-89a7-d6dab8b02c4c','guest','SGD','PHP',1,1774238778775);
INSERT INTO "conversions" ("id","user_id","from_currency","to_currency","amount","timestamp") VALUES('f120fef4-5b65-4859-bad7-95eaab8bccb3','guest','SGD','PHP',1,1774238789071);
INSERT INTO "conversions" ("id","user_id","from_currency","to_currency","amount","timestamp") VALUES('d2d5a786-0d20-4e01-9e29-a92418d58d5b','guest','SGD','PHP',1,1774238813987);
INSERT INTO "conversions" ("id","user_id","from_currency","to_currency","amount","timestamp") VALUES('2cbfcdbf-2c6d-4247-b1b9-4e242a0453aa','72d7d638-7608-4aa5-92a6-8db2e2f3a7ae','SGD','PHP',1,1774238820842);
INSERT INTO "conversions" ("id","user_id","from_currency","to_currency","amount","timestamp") VALUES('f0cb30ae-ad28-4cc6-b9e1-f20586d67f54','72d7d638-7608-4aa5-92a6-8db2e2f3a7ae','SGD','PHP',1,1774238924807);
INSERT INTO "conversions" ("id","user_id","from_currency","to_currency","amount","timestamp") VALUES('af8efe28-8d10-4a86-b1de-504ebd709008','guest','SGD','PHP',1,1774238939069);
INSERT INTO "conversions" ("id","user_id","from_currency","to_currency","amount","timestamp") VALUES('c3e78dd7-b49f-410b-9e2d-4b180f1804bc','6175b12e-0cf4-4a6a-91b2-4a03f7b4d8fa','SGD','PHP',1,1774241122948);
INSERT INTO "conversions" ("id","user_id","from_currency","to_currency","amount","timestamp") VALUES('322754bf-09b8-419c-897a-69e8e446c765','6175b12e-0cf4-4a6a-91b2-4a03f7b4d8fa','SGD','PHP',1,1774241130898);
INSERT INTO "conversions" ("id","user_id","from_currency","to_currency","amount","timestamp") VALUES('074ce3da-3477-4c5b-ad64-4c327e2888bf','72d7d638-7608-4aa5-92a6-8db2e2f3a7ae','SGD','PHP',1,1774241490458);
INSERT INTO "conversions" ("id","user_id","from_currency","to_currency","amount","timestamp") VALUES('aae45771-7f00-40a5-8b0c-43a191ebc242','72d7d638-7608-4aa5-92a6-8db2e2f3a7ae','SGD','PHP',1,1774241492588);
INSERT INTO "conversions" ("id","user_id","from_currency","to_currency","amount","timestamp") VALUES('2147078b-d7e3-47fb-a043-c3775b5b2eec','72d7d638-7608-4aa5-92a6-8db2e2f3a7ae','SGD','PHP',1,1774241525591);
INSERT INTO "conversions" ("id","user_id","from_currency","to_currency","amount","timestamp") VALUES('b64ea708-c3eb-4063-b355-5c494f030b41','6175b12e-0cf4-4a6a-91b2-4a03f7b4d8fa','SGD','PHP',1,1774241697064);
INSERT INTO "conversions" ("id","user_id","from_currency","to_currency","amount","timestamp") VALUES('118eff64-ab6c-4bee-8db4-d3a61cd72125','b965ae09-1c1e-48d6-843d-02ed7f955c14','SGD','PHP',1,1774241717143);
INSERT INTO "conversions" ("id","user_id","from_currency","to_currency","amount","timestamp") VALUES('9aa443b2-df4d-4d8b-900b-1a51049e2ff5','6175b12e-0cf4-4a6a-91b2-4a03f7b4d8fa','SGD','PHP',1,1774242033546);
INSERT INTO "conversions" ("id","user_id","from_currency","to_currency","amount","timestamp") VALUES('591b66b5-246c-45e0-98da-cf7caf5dd116','42904719-f0e2-47a2-ade9-5d00eac7288b','QAR','PHP',1,1774242046645);
INSERT INTO "conversions" ("id","user_id","from_currency","to_currency","amount","timestamp") VALUES('16f90810-c474-4d93-b41a-f2399473e175','42904719-f0e2-47a2-ade9-5d00eac7288b','USD','PHP',1,1774242051374);
INSERT INTO "conversions" ("id","user_id","from_currency","to_currency","amount","timestamp") VALUES('8637d8e3-e5b3-4440-b0f4-90bf018eed49','42904719-f0e2-47a2-ade9-5d00eac7288b','USD','PHP',1,1774242054712);
INSERT INTO "conversions" ("id","user_id","from_currency","to_currency","amount","timestamp") VALUES('251f3a3f-abbb-4648-b19c-d431bc23ddc3','72d7d638-7608-4aa5-92a6-8db2e2f3a7ae','SGD','PHP',1,1774244259612);
INSERT INTO "conversions" ("id","user_id","from_currency","to_currency","amount","timestamp") VALUES('2580ceb8-1da8-446d-ba9b-d4bae1031bac','42904719-f0e2-47a2-ade9-5d00eac7288b','USD','PHP',1,1774265982374);
INSERT INTO "conversions" ("id","user_id","from_currency","to_currency","amount","timestamp") VALUES('9e8ceaa8-c5f2-4ebd-9dc2-3864b9859a7d','42904719-f0e2-47a2-ade9-5d00eac7288b','USD','PHP',1,1774265987926);
INSERT INTO "conversions" ("id","user_id","from_currency","to_currency","amount","timestamp") VALUES('dfd56020-119d-46fd-8cc9-fa6c35bd5a18','42904719-f0e2-47a2-ade9-5d00eac7288b','SAR','PHP',1,1774265995359);
INSERT INTO "conversions" ("id","user_id","from_currency","to_currency","amount","timestamp") VALUES('83c387db-ba06-45c4-a13e-72671829192d','42904719-f0e2-47a2-ade9-5d00eac7288b','QAR','PHP',1,1774266001246);
INSERT INTO "conversions" ("id","user_id","from_currency","to_currency","amount","timestamp") VALUES('b20e35a6-772c-4a71-8110-4ae60fca8ce0','42904719-f0e2-47a2-ade9-5d00eac7288b','QAR','PHP',1,1774412195794);
INSERT INTO "conversions" ("id","user_id","from_currency","to_currency","amount","timestamp") VALUES('be2d7493-c7c2-4db8-b6d0-b63d8ae576a6','42904719-f0e2-47a2-ade9-5d00eac7288b','USD','PHP',1,1774412201724);
INSERT INTO "conversions" ("id","user_id","from_currency","to_currency","amount","timestamp") VALUES('36d43250-97a3-420f-8fb2-8d7a2206b727','42904719-f0e2-47a2-ade9-5d00eac7288b','USD','PHP',1,1774412205912);
INSERT INTO "conversions" ("id","user_id","from_currency","to_currency","amount","timestamp") VALUES('6624081c-0d50-4059-8ea3-2ea76eb21a0b','42904719-f0e2-47a2-ade9-5d00eac7288b','USD','PHP',1,1774453350719);
INSERT INTO "conversions" ("id","user_id","from_currency","to_currency","amount","timestamp") VALUES('6e42b9ea-71f5-444e-9843-26054080ab6b','b965ae09-1c1e-48d6-843d-02ed7f955c14','SGD','PHP',1,1774609453059);
INSERT INTO "conversions" ("id","user_id","from_currency","to_currency","amount","timestamp") VALUES('a38bd319-df6b-4007-a34c-1504eda52a32','b965ae09-1c1e-48d6-843d-02ed7f955c14','SGD','PHP',1,1774609458634);
INSERT INTO "conversions" ("id","user_id","from_currency","to_currency","amount","timestamp") VALUES('98c7d8e0-48c0-4a55-8c4b-6206886d3cf9','b965ae09-1c1e-48d6-843d-02ed7f955c14','SGD','PHP',1,1774609479167);
INSERT INTO "conversions" ("id","user_id","from_currency","to_currency","amount","timestamp") VALUES('5d545412-b9ce-49f6-bac0-6fac83e67f40','guest','SGD','PHP',1,1774610474133);
INSERT INTO "conversions" ("id","user_id","from_currency","to_currency","amount","timestamp") VALUES('8b9812c5-8e56-4687-9a6f-4c79481d86b7','guest','SGD','PHP',1,1774610474691);
INSERT INTO "conversions" ("id","user_id","from_currency","to_currency","amount","timestamp") VALUES('174df37e-5ce4-4800-9102-6ca69d87966c','72d7d638-7608-4aa5-92a6-8db2e2f3a7ae','SGD','PHP',1,1774610518576);
INSERT INTO "conversions" ("id","user_id","from_currency","to_currency","amount","timestamp") VALUES('1e2bb0e0-b1f9-4c72-8c08-2ca42a9fb99a','guest','SGD','PHP',1,1774613334591);
INSERT INTO "conversions" ("id","user_id","from_currency","to_currency","amount","timestamp") VALUES('1bdadcac-a9ca-4425-b411-896fb4fd55b3','guest','SGD','PHP',1,1774613335179);
INSERT INTO "conversions" ("id","user_id","from_currency","to_currency","amount","timestamp") VALUES('f5ebaa27-3d6f-45a5-a468-f046e7c732ff','guest','SGD','PHP',1,1774613412295);
INSERT INTO "conversions" ("id","user_id","from_currency","to_currency","amount","timestamp") VALUES('3a4e2e15-8303-4070-9e9c-7ba4abc9b3d5','anon','SGD','PHP',1000,1774613446834);
INSERT INTO "conversions" ("id","user_id","from_currency","to_currency","amount","timestamp") VALUES('ca9baf0a-463c-4339-b530-b8b01a2ae33a','6175b12e-0cf4-4a6a-91b2-4a03f7b4d8fa','SGD','PHP',1,1774613823960);
INSERT INTO "conversions" ("id","user_id","from_currency","to_currency","amount","timestamp") VALUES('b4613b3e-6975-4e95-92de-ac7f21f3e4e8','72d7d638-7608-4aa5-92a6-8db2e2f3a7ae','SGD','PHP',1,1774614066011);
INSERT INTO "conversions" ("id","user_id","from_currency","to_currency","amount","timestamp") VALUES('73ba88bb-8624-4f9a-9c76-3a0f47331e8d','42904719-f0e2-47a2-ade9-5d00eac7288b','USD','PHP',1,1774614096594);
INSERT INTO "conversions" ("id","user_id","from_currency","to_currency","amount","timestamp") VALUES('24b5d2dd-94c4-4356-a498-49eb119038a6','42904719-f0e2-47a2-ade9-5d00eac7288b','USD','PHP',1,1774614101458);
INSERT INTO "conversions" ("id","user_id","from_currency","to_currency","amount","timestamp") VALUES('cd0790cb-6a3c-4262-8fb5-7dc0e73bb17c','42904719-f0e2-47a2-ade9-5d00eac7288b','USD','PHP',1,1774614104875);
INSERT INTO "conversions" ("id","user_id","from_currency","to_currency","amount","timestamp") VALUES('4acaba61-a2a8-4ae2-bc5f-50211ec46bd0','42904719-f0e2-47a2-ade9-5d00eac7288b','SGD','PHP',1,1774614118596);
INSERT INTO "conversions" ("id","user_id","from_currency","to_currency","amount","timestamp") VALUES('08960697-859f-4290-9f8e-7a8bd9ef1046','42904719-f0e2-47a2-ade9-5d00eac7288b','BHD','PHP',1,1774614123379);
INSERT INTO "conversions" ("id","user_id","from_currency","to_currency","amount","timestamp") VALUES('accae6e8-4cbf-42d3-ac4b-74f555cdf710','42904719-f0e2-47a2-ade9-5d00eac7288b','JPY','PHP',1,1774614128583);
INSERT INTO "conversions" ("id","user_id","from_currency","to_currency","amount","timestamp") VALUES('f1dfa777-bd07-452b-bac4-e62a546a9d44','42904719-f0e2-47a2-ade9-5d00eac7288b','AED','PHP',1,1774614133319);
INSERT INTO "conversions" ("id","user_id","from_currency","to_currency","amount","timestamp") VALUES('2f536214-3273-4542-97ab-c2d12ad99dcd','42904719-f0e2-47a2-ade9-5d00eac7288b','AED','PHP',1,1774614175175);
INSERT INTO "conversions" ("id","user_id","from_currency","to_currency","amount","timestamp") VALUES('e1ae00d9-a570-4ae9-92dc-92743497ca75','42904719-f0e2-47a2-ade9-5d00eac7288b','USD','PHP',1,1774614179906);
INSERT INTO "conversions" ("id","user_id","from_currency","to_currency","amount","timestamp") VALUES('ff384486-83fb-4394-9c0c-4aadd07627e9','42904719-f0e2-47a2-ade9-5d00eac7288b','USD','PHP',1,1774614182895);
INSERT INTO "conversions" ("id","user_id","from_currency","to_currency","amount","timestamp") VALUES('9a99d112-9589-49c5-9b20-64563bb2eda3','42904719-f0e2-47a2-ade9-5d00eac7288b','USD','PHP',1,1774614477576);
INSERT INTO "conversions" ("id","user_id","from_currency","to_currency","amount","timestamp") VALUES('594b7e8c-def3-41a7-9fad-ee5b0f33a60b','42904719-f0e2-47a2-ade9-5d00eac7288b','QAR','PHP',1,1774614489312);
INSERT INTO "conversions" ("id","user_id","from_currency","to_currency","amount","timestamp") VALUES('9a1c27f9-c49a-4c51-a06f-49d7d16eb066','42904719-f0e2-47a2-ade9-5d00eac7288b','SGD','PHP',1,1774614497588);
INSERT INTO "conversions" ("id","user_id","from_currency","to_currency","amount","timestamp") VALUES('51fdd6c3-f972-4c9f-8b21-b19c64ae23df','42904719-f0e2-47a2-ade9-5d00eac7288b','SGD','PHP',1,1774614591239);
INSERT INTO "conversions" ("id","user_id","from_currency","to_currency","amount","timestamp") VALUES('2e7c0093-7be2-4006-acdf-b8de03e0cc48','42904719-f0e2-47a2-ade9-5d00eac7288b','SGD','PHP',1,1774614842147);
INSERT INTO "conversions" ("id","user_id","from_currency","to_currency","amount","timestamp") VALUES('2e766c59-20a4-49bb-bf95-201c34843289','42904719-f0e2-47a2-ade9-5d00eac7288b','SGD','PHP',1,1774614845296);
INSERT INTO "conversions" ("id","user_id","from_currency","to_currency","amount","timestamp") VALUES('c9ba38eb-d215-462e-81a4-acff16d36007','42904719-f0e2-47a2-ade9-5d00eac7288b','GBP','PHP',1,1774614857695);
INSERT INTO "conversions" ("id","user_id","from_currency","to_currency","amount","timestamp") VALUES('ed8349b9-bc40-4b81-847e-59b58560ebe6','42904719-f0e2-47a2-ade9-5d00eac7288b','GBP','PHP',1,1774622607947);
INSERT INTO "conversions" ("id","user_id","from_currency","to_currency","amount","timestamp") VALUES('9289cdaa-fa99-418e-a0dc-7d4baea7f468','42904719-f0e2-47a2-ade9-5d00eac7288b','EUR','PHP',1,1774622610799);
INSERT INTO "conversions" ("id","user_id","from_currency","to_currency","amount","timestamp") VALUES('601d331c-8e64-46d7-8236-538b74ea6bf0','42904719-f0e2-47a2-ade9-5d00eac7288b','MYR','PHP',1,1774622631700);
INSERT INTO "conversions" ("id","user_id","from_currency","to_currency","amount","timestamp") VALUES('632c3ed8-f6e0-46ff-886a-3deb1edf7a6c','42904719-f0e2-47a2-ade9-5d00eac7288b','MYR','PHP',1,1774622635797);
INSERT INTO "conversions" ("id","user_id","from_currency","to_currency","amount","timestamp") VALUES('4de0aff0-756f-4ded-8926-bad84e542ac0','42904719-f0e2-47a2-ade9-5d00eac7288b','TWD','PHP',1,1774622639434);
INSERT INTO "conversions" ("id","user_id","from_currency","to_currency","amount","timestamp") VALUES('66f09c37-47c2-49d8-bdce-4e0753d4fe7b','42904719-f0e2-47a2-ade9-5d00eac7288b','TWD','PHP',1,1774622641643);
INSERT INTO "conversions" ("id","user_id","from_currency","to_currency","amount","timestamp") VALUES('73e73602-835f-4cbd-9530-7a39e74e0759','42904719-f0e2-47a2-ade9-5d00eac7288b','OMR','PHP',1,1774622644015);
INSERT INTO "conversions" ("id","user_id","from_currency","to_currency","amount","timestamp") VALUES('cc55b5d6-6150-4a15-af7b-56ec06ebb001','42904719-f0e2-47a2-ade9-5d00eac7288b','HKD','PHP',1,1774622648238);
INSERT INTO "conversions" ("id","user_id","from_currency","to_currency","amount","timestamp") VALUES('2a857ea1-b3c5-4ecb-841e-20cc281a5316','42904719-f0e2-47a2-ade9-5d00eac7288b','CNY','PHP',1,1774622656818);
INSERT INTO "conversions" ("id","user_id","from_currency","to_currency","amount","timestamp") VALUES('0beed3ff-dfbb-43b8-a5a7-3d9817d0fba8','42904719-f0e2-47a2-ade9-5d00eac7288b','KRW','PHP',1,1774622660053);
INSERT INTO "conversions" ("id","user_id","from_currency","to_currency","amount","timestamp") VALUES('c919f6d4-af86-4a74-be4b-659fd79807cc','42904719-f0e2-47a2-ade9-5d00eac7288b','KRW','PHP',1,1774622661728);
INSERT INTO "conversions" ("id","user_id","from_currency","to_currency","amount","timestamp") VALUES('d0dedb9d-2656-431b-a41b-d4255a1b8342','42904719-f0e2-47a2-ade9-5d00eac7288b','SGD','PHP',1,1774622665398);
INSERT INTO "conversions" ("id","user_id","from_currency","to_currency","amount","timestamp") VALUES('470c2439-4aba-4963-bbe4-3254a0f5a275','42904719-f0e2-47a2-ade9-5d00eac7288b','USD','PHP',1,1774622670426);
INSERT INTO "conversions" ("id","user_id","from_currency","to_currency","amount","timestamp") VALUES('c22cbbe4-bff8-4c9f-8f1b-8d99fd3fa0c5','42904719-f0e2-47a2-ade9-5d00eac7288b','USD','PHP',1,1774622676384);
INSERT INTO "conversions" ("id","user_id","from_currency","to_currency","amount","timestamp") VALUES('13c9c5d4-1dbb-4450-97aa-c1bf3b979c44','42904719-f0e2-47a2-ade9-5d00eac7288b','AED','PHP',1,1774622681606);
INSERT INTO "conversions" ("id","user_id","from_currency","to_currency","amount","timestamp") VALUES('3a632dc6-4bd7-424a-82e3-c7f0d0857b68','42904719-f0e2-47a2-ade9-5d00eac7288b','OMR','PHP',1,1774622687224);
INSERT INTO "conversions" ("id","user_id","from_currency","to_currency","amount","timestamp") VALUES('44712578-825f-4418-82a0-91a0306b8ae3','42904719-f0e2-47a2-ade9-5d00eac7288b','JPY','PHP',1,1774622692793);
INSERT INTO "conversions" ("id","user_id","from_currency","to_currency","amount","timestamp") VALUES('fcdb357e-96e8-4e02-82a0-140c2ec01244','42904719-f0e2-47a2-ade9-5d00eac7288b','CNY','PHP',1,1774622697142);
INSERT INTO "conversions" ("id","user_id","from_currency","to_currency","amount","timestamp") VALUES('31ec82cb-1288-4cbd-a0b3-10bdd40ef412','42904719-f0e2-47a2-ade9-5d00eac7288b','SAR','PHP',1,1774622704009);
INSERT INTO "conversions" ("id","user_id","from_currency","to_currency","amount","timestamp") VALUES('169293c8-390c-4468-8c38-5f9f46310003','42904719-f0e2-47a2-ade9-5d00eac7288b','USD','PHP',1,1774623225690);
INSERT INTO "conversions" ("id","user_id","from_currency","to_currency","amount","timestamp") VALUES('1a80dd88-fb4f-436e-badf-009055badeeb','42904719-f0e2-47a2-ade9-5d00eac7288b','USD','PHP',1,1774623253452);
INSERT INTO "conversions" ("id","user_id","from_currency","to_currency","amount","timestamp") VALUES('4ff9a402-5ca7-4542-a8fa-7d2b5f3676ef','guest','SGD','PHP',1,1774625564133);
INSERT INTO "conversions" ("id","user_id","from_currency","to_currency","amount","timestamp") VALUES('c8add7c4-243b-462c-a2e0-dd1b5f739f2f','anon','USD','PHP',100,1774625564896);
INSERT INTO "conversions" ("id","user_id","from_currency","to_currency","amount","timestamp") VALUES('9002dc7f-d1f0-470f-aa8c-ffbab12ec7c3','guest','SGD','PHP',1,1774625578496);
INSERT INTO "conversions" ("id","user_id","from_currency","to_currency","amount","timestamp") VALUES('7c4b78cf-a1b5-4d04-adcc-0cb0da3fd65b','anon','USD','PHP',100,1774625578781);
INSERT INTO "conversions" ("id","user_id","from_currency","to_currency","amount","timestamp") VALUES('4c5f57ee-e18a-4a78-ab71-ddac0807d341','038895bb-f140-4c4a-b0e6-cf5a5fa9ea36','SGD','PHP',1,1774627418765);
INSERT INTO "conversions" ("id","user_id","from_currency","to_currency","amount","timestamp") VALUES('f386bc64-d437-442f-8898-14e3093bfcdd','42904719-f0e2-47a2-ade9-5d00eac7288b','USD','PHP',1,1774628122756);
INSERT INTO "conversions" ("id","user_id","from_currency","to_currency","amount","timestamp") VALUES('776913c1-0dbf-46dd-b7c2-744f65a71fc4','42904719-f0e2-47a2-ade9-5d00eac7288b','BHD','PHP',1,1774628128080);
INSERT INTO "conversions" ("id","user_id","from_currency","to_currency","amount","timestamp") VALUES('a295ad61-e576-4883-b0d8-68d244dc17ae','42904719-f0e2-47a2-ade9-5d00eac7288b','QAR','PHP',1,1774628132478);
INSERT INTO "conversions" ("id","user_id","from_currency","to_currency","amount","timestamp") VALUES('bab38e0f-1188-43bc-91f3-8c4bb103a44f','42904719-f0e2-47a2-ade9-5d00eac7288b','SAR','PHP',1,1774628137905);
INSERT INTO "conversions" ("id","user_id","from_currency","to_currency","amount","timestamp") VALUES('b7e5dbe7-e1bc-4ab7-beed-1e527498f345','42904719-f0e2-47a2-ade9-5d00eac7288b','USD','PHP',1,1774628146394);
INSERT INTO "conversions" ("id","user_id","from_currency","to_currency","amount","timestamp") VALUES('8cb3612f-b3c2-4924-a079-16b982caf627','42904719-f0e2-47a2-ade9-5d00eac7288b','USD','PHP',1,1774628149438);
INSERT INTO "conversions" ("id","user_id","from_currency","to_currency","amount","timestamp") VALUES('a66a4872-56ce-40e2-b196-d88037e4f324','42904719-f0e2-47a2-ade9-5d00eac7288b','USD','PHP',1,1774628154218);
INSERT INTO "conversions" ("id","user_id","from_currency","to_currency","amount","timestamp") VALUES('41825305-85a9-41d7-a27a-292ff66f1c81','038895bb-f140-4c4a-b0e6-cf5a5fa9ea36','SGD','PHP',1,1774631587847);
INSERT INTO "conversions" ("id","user_id","from_currency","to_currency","amount","timestamp") VALUES('5443730c-5990-41e4-b035-c939060b1c48','038895bb-f140-4c4a-b0e6-cf5a5fa9ea36','SGD','PHP',1,1774632215530);
INSERT INTO "conversions" ("id","user_id","from_currency","to_currency","amount","timestamp") VALUES('9d423cd5-152a-4bfb-be23-2841e9dabf85','42904719-f0e2-47a2-ade9-5d00eac7288b','USD','PHP',1,1774662872761);
INSERT INTO "conversions" ("id","user_id","from_currency","to_currency","amount","timestamp") VALUES('8d754f62-2d76-4694-9c52-1dad53433694','42904719-f0e2-47a2-ade9-5d00eac7288b','USD','PHP',1,1774662881374);
INSERT INTO "conversions" ("id","user_id","from_currency","to_currency","amount","timestamp") VALUES('d8d19c90-fdf9-4685-a852-a63bb8a913ea','42904719-f0e2-47a2-ade9-5d00eac7288b','USD','PHP',1,1774662894138);
INSERT INTO "conversions" ("id","user_id","from_currency","to_currency","amount","timestamp") VALUES('77f9ba7a-e542-447d-93c3-15ba05c7f735','6439da51-b398-489e-bd2f-25c7b75806fd','PHP','PHP',1,1774664527855);
INSERT INTO "conversions" ("id","user_id","from_currency","to_currency","amount","timestamp") VALUES('4c7004cd-c5e9-40ea-8c2d-50c6940ca5a1','6439da51-b398-489e-bd2f-25c7b75806fd','BHD','PHP',1,1774664542442);
INSERT INTO "conversions" ("id","user_id","from_currency","to_currency","amount","timestamp") VALUES('2dec6744-1e0c-41e6-b790-711a5116a1bc','6439da51-b398-489e-bd2f-25c7b75806fd','MYR','PHP',1,1774664547070);
INSERT INTO "conversions" ("id","user_id","from_currency","to_currency","amount","timestamp") VALUES('57d82e0f-0377-4d78-b55a-7cd803777548','6439da51-b398-489e-bd2f-25c7b75806fd','QAR','PHP',1,1774664551981);
INSERT INTO "conversions" ("id","user_id","from_currency","to_currency","amount","timestamp") VALUES('5206f431-6877-4292-a766-4254e46611a8','b965ae09-1c1e-48d6-843d-02ed7f955c14','SGD','PHP',1,1774664896953);
INSERT INTO "conversions" ("id","user_id","from_currency","to_currency","amount","timestamp") VALUES('440d1772-9dfe-422e-bed8-c3134b411477','b965ae09-1c1e-48d6-843d-02ed7f955c14','SGD','PHP',1,1774665015967);
INSERT INTO "conversions" ("id","user_id","from_currency","to_currency","amount","timestamp") VALUES('80707700-2a11-4d0a-9d97-b07834a25021','b965ae09-1c1e-48d6-843d-02ed7f955c14','SGD','PHP',1,1774665024254);
INSERT INTO "conversions" ("id","user_id","from_currency","to_currency","amount","timestamp") VALUES('aa80beac-8a09-47f7-9663-0e0230a866c0','72d7d638-7608-4aa5-92a6-8db2e2f3a7ae','SGD','PHP',1,1774665761908);
INSERT INTO "conversions" ("id","user_id","from_currency","to_currency","amount","timestamp") VALUES('9d34bf12-5221-4149-a62d-c31bca4727dc','72d7d638-7608-4aa5-92a6-8db2e2f3a7ae','SGD','PHP',1,1774666241697);
INSERT INTO "conversions" ("id","user_id","from_currency","to_currency","amount","timestamp") VALUES('c2dbe670-2681-4253-83bf-22c229dc1ee3','b965ae09-1c1e-48d6-843d-02ed7f955c14','SGD','PHP',1,1774666274360);
INSERT INTO "conversions" ("id","user_id","from_currency","to_currency","amount","timestamp") VALUES('1af69c56-2fa3-4a35-a001-9a3d7d10b63a','72d7d638-7608-4aa5-92a6-8db2e2f3a7ae','SGD','PHP',1,1774666300312);
INSERT INTO "conversions" ("id","user_id","from_currency","to_currency","amount","timestamp") VALUES('d9ac3dda-d24d-4c1a-9ea0-9d9180c3ee29','f0cf233a-93e1-42d9-9981-8bd4848a354e','PHP','PHP',1,1774666317356);
INSERT INTO "conversions" ("id","user_id","from_currency","to_currency","amount","timestamp") VALUES('d15ab89a-897b-47f3-94e4-0821f39cfc1f','f0cf233a-93e1-42d9-9981-8bd4848a354e','USD','PHP',1,1774666327913);
INSERT INTO "conversions" ("id","user_id","from_currency","to_currency","amount","timestamp") VALUES('21e1dcdd-56f7-4ef2-ac90-3ee79c915f08','72d7d638-7608-4aa5-92a6-8db2e2f3a7ae','SGD','PHP',1,1774666350724);
INSERT INTO "conversions" ("id","user_id","from_currency","to_currency","amount","timestamp") VALUES('a17ea285-6ffb-43c5-840b-7cec22432097','72d7d638-7608-4aa5-92a6-8db2e2f3a7ae','SGD','PHP',1,1774666406630);
INSERT INTO "conversions" ("id","user_id","from_currency","to_currency","amount","timestamp") VALUES('6b06e457-89f4-414f-88c3-1abe2b547eb3','72d7d638-7608-4aa5-92a6-8db2e2f3a7ae','SGD','PHP',1,1774667158210);
INSERT INTO "conversions" ("id","user_id","from_currency","to_currency","amount","timestamp") VALUES('6f6863c1-231f-4c17-8d5a-f99dc68379fc','f0cf233a-93e1-42d9-9981-8bd4848a354e','USD','PHP',1,1774667166143);
INSERT INTO "conversions" ("id","user_id","from_currency","to_currency","amount","timestamp") VALUES('1f61dd4a-b676-4197-a114-830642ae85fa','f0cf233a-93e1-42d9-9981-8bd4848a354e','QAR','PHP',1,1774667171964);
INSERT INTO "conversions" ("id","user_id","from_currency","to_currency","amount","timestamp") VALUES('58ae62d0-0879-4b95-8c29-4c7babebf189','f0cf233a-93e1-42d9-9981-8bd4848a354e','GBP','PHP',1,1774667177589);
INSERT INTO "conversions" ("id","user_id","from_currency","to_currency","amount","timestamp") VALUES('6197b4c0-8070-42d9-ae2e-53f66e655aad','f7ac8dd5-acd9-49f7-8db8-4eb8b4e84968','SGD','PHP',1,1774668467928);
INSERT INTO "conversions" ("id","user_id","from_currency","to_currency","amount","timestamp") VALUES('367cae3d-3aa4-4ba3-a80a-31a902fe6c24','f7ac8dd5-acd9-49f7-8db8-4eb8b4e84968','SGD','PHP',1,1774668965375);
INSERT INTO "conversions" ("id","user_id","from_currency","to_currency","amount","timestamp") VALUES('f2a78930-a53b-4768-bc80-c4d0053a15f6','f7ac8dd5-acd9-49f7-8db8-4eb8b4e84968','SGD','PHP',1,1774669005734);
INSERT INTO "conversions" ("id","user_id","from_currency","to_currency","amount","timestamp") VALUES('909f7274-a51a-4a16-a67c-d242f0a662bc','f7ac8dd5-acd9-49f7-8db8-4eb8b4e84968','SGD','PHP',1,1774669059527);
INSERT INTO "conversions" ("id","user_id","from_currency","to_currency","amount","timestamp") VALUES('a6219b6d-da4e-4cbb-a95b-581a968ec135','b965ae09-1c1e-48d6-843d-02ed7f955c14','SGD','PHP',1,1774669802595);
INSERT INTO "conversions" ("id","user_id","from_currency","to_currency","amount","timestamp") VALUES('2e065eac-a6fc-4543-810e-f299ee4b254a','6175b12e-0cf4-4a6a-91b2-4a03f7b4d8fa','SGD','PHP',1,1774669853467);
INSERT INTO "conversions" ("id","user_id","from_currency","to_currency","amount","timestamp") VALUES('d5b0b142-6287-47a7-a9af-5f731d7a039c','f0a58e4f-fb79-461e-8fa6-7038f347b949','PHP','PHP',1,1774669873691);
INSERT INTO "conversions" ("id","user_id","from_currency","to_currency","amount","timestamp") VALUES('309d8457-2104-4894-aacf-9274d5a79b23','f0a58e4f-fb79-461e-8fa6-7038f347b949','USD','PHP',1,1774669883635);
INSERT INTO "conversions" ("id","user_id","from_currency","to_currency","amount","timestamp") VALUES('cabe8161-0559-4947-b3f6-3b0b399aacf4','f0a58e4f-fb79-461e-8fa6-7038f347b949','AED','PHP',1,1774669891221);
INSERT INTO "conversions" ("id","user_id","from_currency","to_currency","amount","timestamp") VALUES('10e17206-002e-4c84-b669-f16b514c03a6','f7ac8dd5-acd9-49f7-8db8-4eb8b4e84968','SGD','PHP',1,1774670379449);
INSERT INTO "conversions" ("id","user_id","from_currency","to_currency","amount","timestamp") VALUES('481630f7-77f2-4869-abc9-d204bc780157','f0a58e4f-fb79-461e-8fa6-7038f347b949','AED','PHP',1,1774670548117);
INSERT INTO "conversions" ("id","user_id","from_currency","to_currency","amount","timestamp") VALUES('7dd67324-e680-46c3-9746-651b80460199','f0a58e4f-fb79-461e-8fa6-7038f347b949','AED','PHP',1,1774671599926);
INSERT INTO "conversions" ("id","user_id","from_currency","to_currency","amount","timestamp") VALUES('31ddcdde-0490-4f2c-8487-75e668e66a73','5756e90d-9a91-49a4-8842-3ad0aa6dcae8','PHP','PHP',1,1774672834175);
INSERT INTO "conversions" ("id","user_id","from_currency","to_currency","amount","timestamp") VALUES('a43c8e62-9a19-4614-b124-2e8cda0ab37d','5756e90d-9a91-49a4-8842-3ad0aa6dcae8','SGD','PHP',1,1774672838937);
INSERT INTO "conversions" ("id","user_id","from_currency","to_currency","amount","timestamp") VALUES('2a2c100a-1f73-4935-8e70-a9566afc5bc7','6175b12e-0cf4-4a6a-91b2-4a03f7b4d8fa','SGD','PHP',1,1774673231446);
INSERT INTO "conversions" ("id","user_id","from_currency","to_currency","amount","timestamp") VALUES('a928956c-af1d-48bd-b724-ef1acfe4263a','f7ac8dd5-acd9-49f7-8db8-4eb8b4e84968','SGD','PHP',1,1774673439690);
INSERT INTO "conversions" ("id","user_id","from_currency","to_currency","amount","timestamp") VALUES('2d9128ef-fd86-4ab8-b200-5fbc339a7f00','f7ac8dd5-acd9-49f7-8db8-4eb8b4e84968','SGD','PHP',1,1774673470561);
INSERT INTO "conversions" ("id","user_id","from_currency","to_currency","amount","timestamp") VALUES('6fb2e412-e3b3-4acd-a996-667b4e0067b5','f7ac8dd5-acd9-49f7-8db8-4eb8b4e84968','SGD','PHP',1,1774673505526);
INSERT INTO "conversions" ("id","user_id","from_currency","to_currency","amount","timestamp") VALUES('3a426380-dddd-4c21-a123-dd753135f96d','f7ac8dd5-acd9-49f7-8db8-4eb8b4e84968','SGD','PHP',1,1774673605995);
INSERT INTO "conversions" ("id","user_id","from_currency","to_currency","amount","timestamp") VALUES('dff45460-f01a-4ee9-a175-e5e63920d5c1','f7ac8dd5-acd9-49f7-8db8-4eb8b4e84968','SGD','PHP',1,1774673617814);
INSERT INTO "conversions" ("id","user_id","from_currency","to_currency","amount","timestamp") VALUES('00642771-ea5d-442c-a266-060b7fc5f6ec','f7ac8dd5-acd9-49f7-8db8-4eb8b4e84968','SGD','PHP',1,1774673829468);
INSERT INTO "conversions" ("id","user_id","from_currency","to_currency","amount","timestamp") VALUES('516343ae-cd86-46c6-9db6-a24aaed09c16','f7ac8dd5-acd9-49f7-8db8-4eb8b4e84968','SGD','PHP',1,1774674074176);
INSERT INTO "conversions" ("id","user_id","from_currency","to_currency","amount","timestamp") VALUES('a9156478-4a61-4982-83c6-0c58f493c28c','00663d9c-66c3-48b9-9ed5-aa0d639ac7d3','CAD','PHP',1,1774674702975);
INSERT INTO "conversions" ("id","user_id","from_currency","to_currency","amount","timestamp") VALUES('da473749-bcff-4b86-8810-4c34971ae02d','5756e90d-9a91-49a4-8842-3ad0aa6dcae8','CNY','PHP',1,1774674741286);
INSERT INTO "conversions" ("id","user_id","from_currency","to_currency","amount","timestamp") VALUES('186e4064-6221-4ba7-986b-8a6453d81e1e','8aa8b596-0315-4000-9629-0d288ce0ae37','MYR','PHP',1,1774675118475);
INSERT INTO "conversions" ("id","user_id","from_currency","to_currency","amount","timestamp") VALUES('2d7aa519-9165-462f-86f2-3e3f71b1be01','44241468-4f0e-48c8-8ae0-302e4a008aba','SGD','PHP',1,1774675859874);
INSERT INTO "conversions" ("id","user_id","from_currency","to_currency","amount","timestamp") VALUES('8c77b5a4-c477-48f3-8110-70ea6a42172a','44241468-4f0e-48c8-8ae0-302e4a008aba','SGD','PHP',1,1774675861207);
INSERT INTO "conversions" ("id","user_id","from_currency","to_currency","amount","timestamp") VALUES('8f7efa9c-8d22-45e4-bb36-df31ed889158','44241468-4f0e-48c8-8ae0-302e4a008aba','SGD','PHP',1,1774675862937);
INSERT INTO "conversions" ("id","user_id","from_currency","to_currency","amount","timestamp") VALUES('c55b80ad-e0ab-4c30-aab1-7dc5c110b1bd','44241468-4f0e-48c8-8ae0-302e4a008aba','SGD','PHP',1,1774675864192);
INSERT INTO "conversions" ("id","user_id","from_currency","to_currency","amount","timestamp") VALUES('ab96866d-89a8-4b32-9441-51865d2fca74','33354cea-c6ce-45ac-8acf-35053ef4ab1a','MYR','PHP',1,1774677847505);
INSERT INTO "conversions" ("id","user_id","from_currency","to_currency","amount","timestamp") VALUES('520d54ce-62f0-4e8b-9078-705cff88d8d5','33354cea-c6ce-45ac-8acf-35053ef4ab1a','SGD','PHP',1,1774677847944);
INSERT INTO "conversions" ("id","user_id","from_currency","to_currency","amount","timestamp") VALUES('63bb2f80-0451-4710-8325-a9ce6c90c71d','33354cea-c6ce-45ac-8acf-35053ef4ab1a','USD','PHP',1,1774677848847);
INSERT INTO "conversions" ("id","user_id","from_currency","to_currency","amount","timestamp") VALUES('a14e1368-8e0b-4872-94f6-4ea1571d892e','33354cea-c6ce-45ac-8acf-35053ef4ab1a','PHP','PHP',1,1774677849787);
INSERT INTO "conversions" ("id","user_id","from_currency","to_currency","amount","timestamp") VALUES('a4db269c-73f5-4eea-84d3-a325546bc31f','1acfaa8a-6454-414f-b08c-6b5c70707e08','MYR','PHP',1,1774677916270);
INSERT INTO "conversions" ("id","user_id","from_currency","to_currency","amount","timestamp") VALUES('ea247ed8-5ea2-4acb-9b6e-312b7b1326ff','1acfaa8a-6454-414f-b08c-6b5c70707e08','SGD','PHP',1,1774677916736);
INSERT INTO "conversions" ("id","user_id","from_currency","to_currency","amount","timestamp") VALUES('987a8fc0-8938-4cf5-8ebd-16bf8e24b72e','1acfaa8a-6454-414f-b08c-6b5c70707e08','USD','PHP',1,1774677917649);
INSERT INTO "conversions" ("id","user_id","from_currency","to_currency","amount","timestamp") VALUES('8a084708-8ef8-4740-8c58-bf482a0478de','1acfaa8a-6454-414f-b08c-6b5c70707e08','PHP','PHP',1,1774677918566);
INSERT INTO "conversions" ("id","user_id","from_currency","to_currency","amount","timestamp") VALUES('13db3c6c-9553-489a-b6ca-2dd927dcb7d1','0428eb75-bca8-4b27-b422-e53ff666c6e6','MYR','PHP',1,1774678069151);
INSERT INTO "conversions" ("id","user_id","from_currency","to_currency","amount","timestamp") VALUES('5945a5cd-3431-49e3-be67-37d51739387c','0428eb75-bca8-4b27-b422-e53ff666c6e6','SGD','PHP',1,1774678069601);
INSERT INTO "conversions" ("id","user_id","from_currency","to_currency","amount","timestamp") VALUES('5995d541-4b6a-466d-8822-3fa300b72259','0428eb75-bca8-4b27-b422-e53ff666c6e6','USD','PHP',1,1774678070571);
INSERT INTO "conversions" ("id","user_id","from_currency","to_currency","amount","timestamp") VALUES('292eec2d-977d-4980-9185-237c880d9444','0428eb75-bca8-4b27-b422-e53ff666c6e6','PHP','PHP',1,1774678071506);
INSERT INTO "conversions" ("id","user_id","from_currency","to_currency","amount","timestamp") VALUES('0f333f7a-3de7-44d9-9353-27e97ca315d8','3d987777-657d-458c-9431-f7d10ae71e70','MYR','PHP',1,1774678080338);
INSERT INTO "conversions" ("id","user_id","from_currency","to_currency","amount","timestamp") VALUES('e7befbab-b0cf-4c76-9355-ca0509248ad3','3d987777-657d-458c-9431-f7d10ae71e70','SGD','PHP',1,1774678080853);
INSERT INTO "conversions" ("id","user_id","from_currency","to_currency","amount","timestamp") VALUES('fe4d0187-1a86-472e-822a-53f0830ef5c3','3d987777-657d-458c-9431-f7d10ae71e70','USD','PHP',1,1774678082199);
INSERT INTO "conversions" ("id","user_id","from_currency","to_currency","amount","timestamp") VALUES('3af5e110-0a6f-42cb-a234-b1917dc24481','3d987777-657d-458c-9431-f7d10ae71e70','PHP','PHP',1,1774678083226);
INSERT INTO "conversions" ("id","user_id","from_currency","to_currency","amount","timestamp") VALUES('8bdc4539-1efd-460c-8035-caf13e776bbb','b34dbd0e-1c30-44ce-a32e-769ac74b7ab0','USD','PHP',1,1774679223648);
INSERT INTO "conversions" ("id","user_id","from_currency","to_currency","amount","timestamp") VALUES('377b9da1-8ce7-4392-95cf-24ddb89b675c','0000cc98-52fb-44a1-8e06-9b7e56b0d859','PHP','PHP',1,1774679308267);
INSERT INTO "conversions" ("id","user_id","from_currency","to_currency","amount","timestamp") VALUES('e36104c0-7c06-43ea-bcbc-b2c27215662e','0000cc98-52fb-44a1-8e06-9b7e56b0d859','EUR','PHP',1,1774679314256);
INSERT INTO "conversions" ("id","user_id","from_currency","to_currency","amount","timestamp") VALUES('c41b4389-9e7e-4946-9a01-38c01b6ddc9f','0000cc98-52fb-44a1-8e06-9b7e56b0d859','GBP','PHP',1,1774679602882);
INSERT INTO "conversions" ("id","user_id","from_currency","to_currency","amount","timestamp") VALUES('630aaf66-740a-4288-9390-3036ead2efaa','70e3e210-5868-4abe-b2a9-3076814e4b38','MYR','PHP',1,1774684489041);
INSERT INTO "conversions" ("id","user_id","from_currency","to_currency","amount","timestamp") VALUES('7df2da40-4507-42da-891a-43aeea842485','70e3e210-5868-4abe-b2a9-3076814e4b38','SGD','PHP',1,1774684489768);
INSERT INTO "conversions" ("id","user_id","from_currency","to_currency","amount","timestamp") VALUES('64e93076-29ba-446b-9ee3-e288b638d205','70e3e210-5868-4abe-b2a9-3076814e4b38','USD','PHP',1,1774684490685);
INSERT INTO "conversions" ("id","user_id","from_currency","to_currency","amount","timestamp") VALUES('d7652191-cdbf-4763-8dec-72282c6e9a2d','70e3e210-5868-4abe-b2a9-3076814e4b38','PHP','PHP',1,1774684491627);
INSERT INTO "conversions" ("id","user_id","from_currency","to_currency","amount","timestamp") VALUES('40fb3944-66cf-45e8-96e4-a6c10c5f3903','d1b98416-96d5-4543-8bef-6d85820c486d','PHP','PHP',1,1774685902293);
INSERT INTO "conversions" ("id","user_id","from_currency","to_currency","amount","timestamp") VALUES('ee2232e1-fa74-4677-a656-76a475f000af','6175b12e-0cf4-4a6a-91b2-4a03f7b4d8fa','SGD','PHP',1,1774686024843);
INSERT INTO "conversions" ("id","user_id","from_currency","to_currency","amount","timestamp") VALUES('4dd0ab3b-7417-43c7-ac1d-551880b56c86','guest','SGD','PHP',1,1774687736949);
INSERT INTO "conversions" ("id","user_id","from_currency","to_currency","amount","timestamp") VALUES('c3e88c68-2e7f-4526-95ce-e0695b1ba668','f7ac8dd5-acd9-49f7-8db8-4eb8b4e84968','SGD','PHP',1,1774687795657);
INSERT INTO "conversions" ("id","user_id","from_currency","to_currency","amount","timestamp") VALUES('f48352b2-bdff-411a-9150-857b0c028b1c','e8548ff0-936e-4988-80bd-6b02f508c7ef','PHP','PHP',1,1774687798446);
INSERT INTO "conversions" ("id","user_id","from_currency","to_currency","amount","timestamp") VALUES('a54f47dc-e0e9-4112-92cd-cf043e7cae70','e8548ff0-936e-4988-80bd-6b02f508c7ef','SAR','PHP',1,1774687804479);
INSERT INTO "conversions" ("id","user_id","from_currency","to_currency","amount","timestamp") VALUES('80878464-a926-459a-9eef-7e5c897f252d','e8548ff0-936e-4988-80bd-6b02f508c7ef','SAR','PHP',1,1774687811992);
INSERT INTO "conversions" ("id","user_id","from_currency","to_currency","amount","timestamp") VALUES('838105cb-680c-4ec4-a35a-002937844bca','e8548ff0-936e-4988-80bd-6b02f508c7ef','SAR','PHP',1,1774688223140);
INSERT INTO "conversions" ("id","user_id","from_currency","to_currency","amount","timestamp") VALUES('e10ce978-5e04-47d7-aac1-369f39e61539','e8548ff0-936e-4988-80bd-6b02f508c7ef','GBP','PHP',1,1774688227309);
INSERT INTO "conversions" ("id","user_id","from_currency","to_currency","amount","timestamp") VALUES('175c293b-3d26-4ec7-8c87-f317848c208f','e8548ff0-936e-4988-80bd-6b02f508c7ef','BHD','PHP',1,1774688230964);
INSERT INTO "conversions" ("id","user_id","from_currency","to_currency","amount","timestamp") VALUES('242b4071-e333-4d86-b213-dd76a1c6bf75','a0fbcd0b-ad2d-4ff1-9765-f100de8b4cd3','MYR','PHP',1,1774691671748);
INSERT INTO "conversions" ("id","user_id","from_currency","to_currency","amount","timestamp") VALUES('22a02642-4be1-45ff-9d2c-62b680004460','a0fbcd0b-ad2d-4ff1-9765-f100de8b4cd3','SGD','PHP',1,1774691672238);
INSERT INTO "conversions" ("id","user_id","from_currency","to_currency","amount","timestamp") VALUES('5f0a2ece-ec45-4b1f-aa33-80531f3e7870','a0fbcd0b-ad2d-4ff1-9765-f100de8b4cd3','USD','PHP',1,1774691673188);
INSERT INTO "conversions" ("id","user_id","from_currency","to_currency","amount","timestamp") VALUES('a7b91361-daf9-4529-bf59-a0db5bd54143','a0fbcd0b-ad2d-4ff1-9765-f100de8b4cd3','PHP','PHP',1,1774691674073);
INSERT INTO "conversions" ("id","user_id","from_currency","to_currency","amount","timestamp") VALUES('edf19b7a-8faf-48e0-b2dd-1feab3b39f6a','fdcc90a1-7416-405a-9a5e-8c75eba7cd62','SGD','PHP',1,1774692042245);
INSERT INTO "conversions" ("id","user_id","from_currency","to_currency","amount","timestamp") VALUES('c6825724-9b54-46a2-9f79-aeb63bc12769','fdcc90a1-7416-405a-9a5e-8c75eba7cd62','SGD','PHP',1,1774692051338);
INSERT INTO "conversions" ("id","user_id","from_currency","to_currency","amount","timestamp") VALUES('d307d224-0d06-49a7-bc66-1b0af0adcfdd','fdcc90a1-7416-405a-9a5e-8c75eba7cd62','SGD','PHP',1,1774692059681);
INSERT INTO "conversions" ("id","user_id","from_currency","to_currency","amount","timestamp") VALUES('da12cdc3-8320-4a0d-9149-ecb979f42f17','23b5e45a-b37c-49bc-9bc2-a24cb051ca2e','MYR','PHP',1,1774695824552);
INSERT INTO "conversions" ("id","user_id","from_currency","to_currency","amount","timestamp") VALUES('2e5f9155-0970-449a-8028-f8bc2cce7d15','23b5e45a-b37c-49bc-9bc2-a24cb051ca2e','SGD','PHP',1,1774695825047);
INSERT INTO "conversions" ("id","user_id","from_currency","to_currency","amount","timestamp") VALUES('8f47f470-8204-40cb-8df6-5811f2f1647a','23b5e45a-b37c-49bc-9bc2-a24cb051ca2e','USD','PHP',1,1774695825996);
INSERT INTO "conversions" ("id","user_id","from_currency","to_currency","amount","timestamp") VALUES('2ec8f435-e46e-44ad-8287-e829f5930ab0','23b5e45a-b37c-49bc-9bc2-a24cb051ca2e','PHP','PHP',1,1774695826846);
INSERT INTO "conversions" ("id","user_id","from_currency","to_currency","amount","timestamp") VALUES('53357631-dad0-4684-a415-f5ab3e3fe20f','87a2350d-e6d9-447c-9894-cb7295842dd6','QAR','PHP',1,1774697325075);
INSERT INTO "conversions" ("id","user_id","from_currency","to_currency","amount","timestamp") VALUES('abc71e57-d080-49f3-a17c-e911e8082688','87a2350d-e6d9-447c-9894-cb7295842dd6','QAR','PHP',1,1774697328942);
INSERT INTO "conversions" ("id","user_id","from_currency","to_currency","amount","timestamp") VALUES('52c983c7-e6fe-41bf-9dac-2ebb75c944ac','949aa3fb-d52e-45bb-a14a-54eafbb5309d','SAR','PHP',1,1774698897936);
INSERT INTO "conversions" ("id","user_id","from_currency","to_currency","amount","timestamp") VALUES('b5238d6d-36bb-40d0-95de-eb4399cc1121','ea6eaac0-5740-4672-9316-72f22c1aea09','MYR','PHP',1,1774698977764);
INSERT INTO "conversions" ("id","user_id","from_currency","to_currency","amount","timestamp") VALUES('7df44017-f6bd-40b4-a497-493fd1f7a4ef','ea6eaac0-5740-4672-9316-72f22c1aea09','SGD','PHP',1,1774698978674);
INSERT INTO "conversions" ("id","user_id","from_currency","to_currency","amount","timestamp") VALUES('e7bb4b3a-d571-4b81-b0d1-d36b43361b16','ea6eaac0-5740-4672-9316-72f22c1aea09','USD','PHP',1,1774698979586);
INSERT INTO "conversions" ("id","user_id","from_currency","to_currency","amount","timestamp") VALUES('19b16ab6-93c7-405b-a577-27cb72e02131','ea6eaac0-5740-4672-9316-72f22c1aea09','PHP','PHP',1,1774698980514);
INSERT INTO "conversions" ("id","user_id","from_currency","to_currency","amount","timestamp") VALUES('44b72140-829e-4056-8e85-504e51d8a395','fdcc90a1-7416-405a-9a5e-8c75eba7cd62','SGD','PHP',1,1774705255651);
INSERT INTO "conversions" ("id","user_id","from_currency","to_currency","amount","timestamp") VALUES('d1808ba5-8563-4a5f-b1b9-e88381195d71','fdcc90a1-7416-405a-9a5e-8c75eba7cd62','SGD','PHP',1,1774705267481);
INSERT INTO "conversions" ("id","user_id","from_currency","to_currency","amount","timestamp") VALUES('f2c8e977-89c1-42e8-a682-17c6ed7dec51','d9b90158-a69e-4e8e-a09f-898d7c9fd5ea','PHP','PHP',1,1774705306558);
INSERT INTO "conversions" ("id","user_id","from_currency","to_currency","amount","timestamp") VALUES('3d653199-cf13-493e-ac75-ec563f372016','d9b90158-a69e-4e8e-a09f-898d7c9fd5ea','USD','PHP',1,1774705310477);
INSERT INTO "conversions" ("id","user_id","from_currency","to_currency","amount","timestamp") VALUES('7f0ea9f6-f4fe-47bd-9f6f-60fe244dee6d','d9b90158-a69e-4e8e-a09f-898d7c9fd5ea','USD','PHP',1,1774705316964);
INSERT INTO "conversions" ("id","user_id","from_currency","to_currency","amount","timestamp") VALUES('21cb76c8-ac2e-44b2-bd19-34722d17ff65','f27a91cc-10d1-4493-838d-a5326131ec5e','MYR','PHP',1,1774706612718);
INSERT INTO "conversions" ("id","user_id","from_currency","to_currency","amount","timestamp") VALUES('92c4beb5-4169-40b1-bbbc-c54b461dfaa6','f27a91cc-10d1-4493-838d-a5326131ec5e','SGD','PHP',1,1774706613252);
INSERT INTO "conversions" ("id","user_id","from_currency","to_currency","amount","timestamp") VALUES('9a2f4d17-2f11-48c7-8c88-70091f0121dc','f27a91cc-10d1-4493-838d-a5326131ec5e','USD','PHP',1,1774706614188);
INSERT INTO "conversions" ("id","user_id","from_currency","to_currency","amount","timestamp") VALUES('d09bdfda-63ae-4346-bd49-7124acfe4046','f27a91cc-10d1-4493-838d-a5326131ec5e','PHP','PHP',1,1774706615123);
INSERT INTO "conversions" ("id","user_id","from_currency","to_currency","amount","timestamp") VALUES('58340d14-b50a-45b3-94f5-012414b5d92f','fdcc90a1-7416-405a-9a5e-8c75eba7cd62','SGD','PHP',1,1774707800721);
INSERT INTO "conversions" ("id","user_id","from_currency","to_currency","amount","timestamp") VALUES('768fad2f-6fda-4719-b93e-b359d0a2a33a','66f89eff-ea68-4b51-8ab3-2327fd600042','MYR','PHP',1,1774710338739);
INSERT INTO "conversions" ("id","user_id","from_currency","to_currency","amount","timestamp") VALUES('07e2d604-8a9a-46f1-bec0-8c6c6cfd20dd','66f89eff-ea68-4b51-8ab3-2327fd600042','SGD','PHP',1,1774710339919);
INSERT INTO "conversions" ("id","user_id","from_currency","to_currency","amount","timestamp") VALUES('becd8d3e-277e-4f89-91f5-484640d017d9','66f89eff-ea68-4b51-8ab3-2327fd600042','USD','PHP',1,1774710340903);
INSERT INTO "conversions" ("id","user_id","from_currency","to_currency","amount","timestamp") VALUES('76d23978-e9f9-40bf-85b6-74a8f51a43a1','66f89eff-ea68-4b51-8ab3-2327fd600042','PHP','PHP',1,1774710341861);
INSERT INTO "conversions" ("id","user_id","from_currency","to_currency","amount","timestamp") VALUES('2aade1e0-b556-4b33-93be-f22c7880aae4','c4393fe5-ea3b-4019-9d51-459c530e81c4','MYR','PHP',1,1774713791086);
INSERT INTO "conversions" ("id","user_id","from_currency","to_currency","amount","timestamp") VALUES('14a76cd8-5c22-4244-a20f-cc590fc04d1a','c4393fe5-ea3b-4019-9d51-459c530e81c4','SGD','PHP',1,1774713791573);
INSERT INTO "conversions" ("id","user_id","from_currency","to_currency","amount","timestamp") VALUES('04eb18e8-084f-4980-85af-aa041194d676','c4393fe5-ea3b-4019-9d51-459c530e81c4','USD','PHP',1,1774713792529);
INSERT INTO "conversions" ("id","user_id","from_currency","to_currency","amount","timestamp") VALUES('74444737-e9af-4cf1-aedd-6e6daea474af','c4393fe5-ea3b-4019-9d51-459c530e81c4','PHP','PHP',1,1774713793478);
INSERT INTO "conversions" ("id","user_id","from_currency","to_currency","amount","timestamp") VALUES('d609fd60-238f-45ec-9b46-459e48da3356','351e7ed8-5e08-471c-ad02-53a553c96b05','MYR','PHP',1,1774720233540);
INSERT INTO "conversions" ("id","user_id","from_currency","to_currency","amount","timestamp") VALUES('c2660b08-87b3-495f-b15b-57f49796f805','351e7ed8-5e08-471c-ad02-53a553c96b05','SGD','PHP',1,1774720234003);
INSERT INTO "conversions" ("id","user_id","from_currency","to_currency","amount","timestamp") VALUES('1af0b7ca-7f07-48f5-97ac-a53da8c035b8','351e7ed8-5e08-471c-ad02-53a553c96b05','USD','PHP',1,1774720234940);
INSERT INTO "conversions" ("id","user_id","from_currency","to_currency","amount","timestamp") VALUES('45b77168-23be-4650-a601-710e3ec3aefb','351e7ed8-5e08-471c-ad02-53a553c96b05','PHP','PHP',1,1774720235939);
INSERT INTO "conversions" ("id","user_id","from_currency","to_currency","amount","timestamp") VALUES('f0265374-d2e7-44da-8bc7-09fb6edd8519','1221d3b2-f0f9-48bc-95a5-13fe2080288d','MYR','PHP',1,1774726029311);
INSERT INTO "conversions" ("id","user_id","from_currency","to_currency","amount","timestamp") VALUES('7be0322a-c683-4157-bd59-b19ebd9c584c','1221d3b2-f0f9-48bc-95a5-13fe2080288d','SGD','PHP',1,1774726030387);
INSERT INTO "conversions" ("id","user_id","from_currency","to_currency","amount","timestamp") VALUES('f3939756-5ab5-47c5-a285-322090478564','1221d3b2-f0f9-48bc-95a5-13fe2080288d','USD','PHP',1,1774726031298);
INSERT INTO "conversions" ("id","user_id","from_currency","to_currency","amount","timestamp") VALUES('da07ce3c-c726-433e-92e4-2d5773d02559','1221d3b2-f0f9-48bc-95a5-13fe2080288d','PHP','PHP',1,1774726032282);
INSERT INTO "conversions" ("id","user_id","from_currency","to_currency","amount","timestamp") VALUES('d8b9ff63-f2a4-416d-8b3b-7e39fccf3a1c','e9d4a511-fb7c-4996-8e02-557e9d254354','MYR','PHP',1,1774728192842);
INSERT INTO "conversions" ("id","user_id","from_currency","to_currency","amount","timestamp") VALUES('e217b3c3-32c6-443d-b08a-12d682897686','e9d4a511-fb7c-4996-8e02-557e9d254354','SGD','PHP',1,1774728193859);
INSERT INTO "conversions" ("id","user_id","from_currency","to_currency","amount","timestamp") VALUES('5e029ff9-1bf1-4b54-a60a-d582069edbdc','e9d4a511-fb7c-4996-8e02-557e9d254354','USD','PHP',1,1774728194856);
INSERT INTO "conversions" ("id","user_id","from_currency","to_currency","amount","timestamp") VALUES('2d118a7a-9dc8-4cee-aefa-fa341bf91990','e9d4a511-fb7c-4996-8e02-557e9d254354','PHP','PHP',1,1774728195830);
INSERT INTO "conversions" ("id","user_id","from_currency","to_currency","amount","timestamp") VALUES('efb598b5-98b5-42d7-a639-4ce2586f493b','9a249f49-f6cf-4238-9e2f-1ea9e724051a','MYR','PHP',1,1774731826047);
INSERT INTO "conversions" ("id","user_id","from_currency","to_currency","amount","timestamp") VALUES('ecc5c820-f60b-40b8-bedc-e4981a3b7637','9a249f49-f6cf-4238-9e2f-1ea9e724051a','SGD','PHP',1,1774731827100);
INSERT INTO "conversions" ("id","user_id","from_currency","to_currency","amount","timestamp") VALUES('ec35ffb5-b11f-4021-a0a8-27931f723023','9a249f49-f6cf-4238-9e2f-1ea9e724051a','USD','PHP',1,1774731828034);
INSERT INTO "conversions" ("id","user_id","from_currency","to_currency","amount","timestamp") VALUES('6bfcfb89-4c74-44e6-ac32-68bfcfb86680','9a249f49-f6cf-4238-9e2f-1ea9e724051a','PHP','PHP',1,1774731828991);
INSERT INTO "conversions" ("id","user_id","from_currency","to_currency","amount","timestamp") VALUES('746768c8-2470-4397-9aeb-64756e3d247c','db0a068b-7c5b-405d-a811-f423fa0c06b7','MYR','PHP',1,1774735109594);
INSERT INTO "conversions" ("id","user_id","from_currency","to_currency","amount","timestamp") VALUES('d4669bde-9449-4ff2-b192-33312498734a','db0a068b-7c5b-405d-a811-f423fa0c06b7','SGD','PHP',1,1774735110852);
INSERT INTO "conversions" ("id","user_id","from_currency","to_currency","amount","timestamp") VALUES('68d6e6d3-c373-4f25-9bb1-7b2f66e56207','db0a068b-7c5b-405d-a811-f423fa0c06b7','USD','PHP',1,1774735111819);
INSERT INTO "conversions" ("id","user_id","from_currency","to_currency","amount","timestamp") VALUES('9add40d5-9dca-4f62-97ff-dfea75d9a978','db0a068b-7c5b-405d-a811-f423fa0c06b7','PHP','PHP',1,1774735112703);
INSERT INTO "conversions" ("id","user_id","from_currency","to_currency","amount","timestamp") VALUES('9aa680d8-b092-4f55-b578-eeb0e9f73aa4','9deb110b-c390-4568-907f-9941b43dd581','MYR','PHP',1,1774738933657);
INSERT INTO "conversions" ("id","user_id","from_currency","to_currency","amount","timestamp") VALUES('04f8cd01-2e68-4230-8f57-02a1cd3f89e5','9deb110b-c390-4568-907f-9941b43dd581','SGD','PHP',1,1774738934809);
INSERT INTO "conversions" ("id","user_id","from_currency","to_currency","amount","timestamp") VALUES('ac33bd45-3976-4a04-8bea-5c8bdb648457','9deb110b-c390-4568-907f-9941b43dd581','USD','PHP',1,1774738936011);
INSERT INTO "conversions" ("id","user_id","from_currency","to_currency","amount","timestamp") VALUES('7676b618-c109-435c-89f9-cc42de72feda','9deb110b-c390-4568-907f-9941b43dd581','PHP','PHP',1,1774738937043);
INSERT INTO "conversions" ("id","user_id","from_currency","to_currency","amount","timestamp") VALUES('6fc83bf0-81bd-4dfc-80b5-455a8c29be80','dfef85b3-cb85-4119-bf74-2213fae44701','MYR','PHP',1,1774742570073);
INSERT INTO "conversions" ("id","user_id","from_currency","to_currency","amount","timestamp") VALUES('c9fce9e2-c1d3-44fe-84e7-f62d32e3115a','dfef85b3-cb85-4119-bf74-2213fae44701','SGD','PHP',1,1774742571100);
INSERT INTO "conversions" ("id","user_id","from_currency","to_currency","amount","timestamp") VALUES('d0e4eed4-aba4-4536-b4f6-4eb9a0aeec43','dfef85b3-cb85-4119-bf74-2213fae44701','USD','PHP',1,1774742572019);
INSERT INTO "conversions" ("id","user_id","from_currency","to_currency","amount","timestamp") VALUES('7d898f37-805a-4de6-92c9-1ce182a4b8cf','dfef85b3-cb85-4119-bf74-2213fae44701','PHP','PHP',1,1774742572938);
INSERT INTO "conversions" ("id","user_id","from_currency","to_currency","amount","timestamp") VALUES('d414fdea-cd59-4ef6-b9ee-f1e86f332c1e','35affd87-74bf-49d5-a8e6-5f70cb9f8132','MYR','PHP',1,1774755599516);
INSERT INTO "conversions" ("id","user_id","from_currency","to_currency","amount","timestamp") VALUES('176816f5-1760-403e-8c92-b177385e28c4','35affd87-74bf-49d5-a8e6-5f70cb9f8132','SGD','PHP',1,1774755599971);
INSERT INTO "conversions" ("id","user_id","from_currency","to_currency","amount","timestamp") VALUES('5f086dbd-0e44-4eff-9950-2fc0b582a2cb','35affd87-74bf-49d5-a8e6-5f70cb9f8132','USD','PHP',1,1774755600906);
INSERT INTO "conversions" ("id","user_id","from_currency","to_currency","amount","timestamp") VALUES('e24fa628-c762-42a9-b06c-639e4ca26039','35affd87-74bf-49d5-a8e6-5f70cb9f8132','PHP','PHP',1,1774755601848);
INSERT INTO "conversions" ("id","user_id","from_currency","to_currency","amount","timestamp") VALUES('dd9cbf2f-5262-4685-9fcf-37d241180d4d','fdcc90a1-7416-405a-9a5e-8c75eba7cd62','SGD','PHP',1,1774755656856);
INSERT INTO "conversions" ("id","user_id","from_currency","to_currency","amount","timestamp") VALUES('266819e9-92b4-4eed-aa76-8e1fd1cef44b','fdcc90a1-7416-405a-9a5e-8c75eba7cd62','SGD','PHP',1,1774755682419);
INSERT INTO "conversions" ("id","user_id","from_currency","to_currency","amount","timestamp") VALUES('9ba670be-5366-45d6-9f36-339eaa6a77ca','9196cc21-a578-4147-abd9-3bb458e6d414','MYR','PHP',1,1774756017604);
INSERT INTO "conversions" ("id","user_id","from_currency","to_currency","amount","timestamp") VALUES('67b9d5c6-ac2f-4048-8add-0a07acc1c199','9196cc21-a578-4147-abd9-3bb458e6d414','SGD','PHP',1,1774756018215);
INSERT INTO "conversions" ("id","user_id","from_currency","to_currency","amount","timestamp") VALUES('ea5199b5-fcd6-44d7-8c64-33fa297196cf','9196cc21-a578-4147-abd9-3bb458e6d414','USD','PHP',1,1774756019477);
INSERT INTO "conversions" ("id","user_id","from_currency","to_currency","amount","timestamp") VALUES('a1389470-255d-49cf-9902-bb21029c6bbb','9196cc21-a578-4147-abd9-3bb458e6d414','PHP','PHP',1,1774756020548);
INSERT INTO "conversions" ("id","user_id","from_currency","to_currency","amount","timestamp") VALUES('e283ea02-3d9a-4035-b9e0-c94e7e7186dc','6e92affb-225e-45cc-9657-914fe7badcf8','MYR','PHP',1,1774756624009);
INSERT INTO "conversions" ("id","user_id","from_currency","to_currency","amount","timestamp") VALUES('9076fa2f-65d9-4690-872e-55ec3cb1787f','6e92affb-225e-45cc-9657-914fe7badcf8','SGD','PHP',1,1774756624832);
INSERT INTO "conversions" ("id","user_id","from_currency","to_currency","amount","timestamp") VALUES('df152b88-3d9b-4b82-969e-3f9f9559fe6c','6e92affb-225e-45cc-9657-914fe7badcf8','USD','PHP',1,1774756626162);
INSERT INTO "conversions" ("id","user_id","from_currency","to_currency","amount","timestamp") VALUES('29d8a8a1-9f22-405d-9c64-0b9157cdd4f1','6e92affb-225e-45cc-9657-914fe7badcf8','PHP','PHP',1,1774756627219);
INSERT INTO "conversions" ("id","user_id","from_currency","to_currency","amount","timestamp") VALUES('868bc7b4-5189-4ef9-8ac2-029e74efc3a8','8b3d221b-6cfd-43b6-b38d-7f2fff3c0dbf','MYR','PHP',1,1774756634645);
INSERT INTO "conversions" ("id","user_id","from_currency","to_currency","amount","timestamp") VALUES('084172fb-5a94-4868-9b11-00fe191fc8b7','8b3d221b-6cfd-43b6-b38d-7f2fff3c0dbf','SGD','PHP',1,1774756635199);
INSERT INTO "conversions" ("id","user_id","from_currency","to_currency","amount","timestamp") VALUES('32358125-9398-4834-84c6-f9c3648574de','8b3d221b-6cfd-43b6-b38d-7f2fff3c0dbf','USD','PHP',1,1774756636222);
INSERT INTO "conversions" ("id","user_id","from_currency","to_currency","amount","timestamp") VALUES('a03c1f9c-5b06-4e64-8650-dd29efe0fc29','8b3d221b-6cfd-43b6-b38d-7f2fff3c0dbf','PHP','PHP',1,1774756637308);
INSERT INTO "conversions" ("id","user_id","from_currency","to_currency","amount","timestamp") VALUES('a274f5ff-2465-47ae-90f3-6e0c80ec0319','8fdf950a-ed92-40bf-aeb6-2bbb859ee459','MYR','PHP',1,1774756667972);
INSERT INTO "conversions" ("id","user_id","from_currency","to_currency","amount","timestamp") VALUES('79aa8adc-9dfb-4c52-87e0-62414fa30fc4','8fdf950a-ed92-40bf-aeb6-2bbb859ee459','SGD','PHP',1,1774756668554);
INSERT INTO "conversions" ("id","user_id","from_currency","to_currency","amount","timestamp") VALUES('914ff387-0c0a-4151-b725-48b1e448b567','8fdf950a-ed92-40bf-aeb6-2bbb859ee459','USD','PHP',1,1774756669577);
INSERT INTO "conversions" ("id","user_id","from_currency","to_currency","amount","timestamp") VALUES('2e0fcaeb-bdd0-4b56-ac76-828f2ef83d7d','8fdf950a-ed92-40bf-aeb6-2bbb859ee459','PHP','PHP',1,1774756670625);
INSERT INTO "conversions" ("id","user_id","from_currency","to_currency","amount","timestamp") VALUES('de924aef-b4a8-4c47-a0d6-24ecbcc87983','fdcc90a1-7416-405a-9a5e-8c75eba7cd62','SGD','PHP',1,1774756792762);
CREATE TABLE currency_snapshots (id TEXT PRIMARY KEY, date TEXT UNIQUE, snapshot_json TEXT, source TEXT, timestamp INTEGER);
INSERT INTO "currency_snapshots" ("id","date","snapshot_json","source","timestamp") VALUES('e2b3fa35-d870-49a5-8b1b-75bf33e05788','2026-03-21','{"date":"2026-03-21","snapshot":[{"pair":"SAR_PHP","rate":16.0202},{"pair":"AED_PHP","rate":16.3786},{"pair":"QAR_PHP","rate":16.4772},{"pair":"KWD_PHP","rate":196.204},{"pair":"OMR_PHP","rate":156.4364},{"pair":"BHD_PHP","rate":159.5136},{"pair":"GBP_PHP","rate":80.2346},{"pair":"EUR_PHP","rate":69.7231},{"pair":"EUR_PHP","rate":69.7231},{"pair":"EUR_PHP","rate":69.7231},{"pair":"EUR_PHP","rate":69.7231},{"pair":"EUR_PHP","rate":69.7231},{"pair":"CHF_PHP","rate":76.2904},{"pair":"NOK_PHP","rate":6.2853},{"pair":"SEK_PHP","rate":6.4373},{"pair":"SGD_PHP","rate":46.9007},{"pair":"HKD_PHP","rate":7.6769},{"pair":"MYR_PHP","rate":15.2703},{"pair":"TWD_PHP","rate":1.8775},{"pair":"JPY_PHP","rate":0.3777},{"pair":"KRW_PHP","rate":0.04},{"pair":"CNY_PHP","rate":8.7347},{"pair":"THB_PHP","rate":1.8278},{"pair":"USD_PHP","rate":60.1504},{"pair":"CAD_PHP","rate":43.8206},{"pair":"MXN_PHP","rate":3.3607},{"pair":"AUD_PHP","rate":42.2917},{"pair":"NZD_PHP","rate":35.1218}],"source":"live_through_cache","timestamp":"2026-03-21T18:39:05.896Z"}','live_through_cache',1774118345896);
CREATE TABLE cleanup_logs (id TEXT PRIMARY KEY, timestamp INTEGER, rows_deleted INTEGER, status TEXT, details TEXT);
CREATE TABLE settings (key TEXT PRIMARY KEY, value TEXT);
INSERT INTO "settings" ("key","value") VALUES('last_fixer_fetch','1774755999155');
CREATE TABLE health_logs (id INTEGER PRIMARY KEY AUTOINCREMENT, status TEXT NOT NULL, details TEXT, response_time_ms INTEGER, timestamp DATETIME DEFAULT CURRENT_TIMESTAMP);
INSERT INTO "health_logs" ("id","status","details","response_time_ms","timestamp") VALUES(1,'degraded','{"database":{"status":"healthy","response_time_ms":25},"rates":{"status":"stale","available":true,"rates_count":172,"age_hours":136.7,"last_updated":"2026-03-21T19:26:25.567Z"},"fixer_api":{"status":"never_synced"}}',59,'2026-03-27 12:09:10');
INSERT INTO "health_logs" ("id","status","details","response_time_ms","timestamp") VALUES(2,'degraded','{"database":{"status":"healthy","response_time_ms":23},"rates":{"status":"stale","available":true,"rates_count":172,"age_hours":136.7,"last_updated":"2026-03-21T19:26:25.567Z"},"fixer_api":{"status":"never_synced"}}',58,'2026-03-27 12:09:10');
INSERT INTO "health_logs" ("id","status","details","response_time_ms","timestamp") VALUES(3,'ok','{"database":{"status":"healthy","response_time_ms":40},"rates":{"status":"healthy","available":true,"rates_count":15,"age_hours":0,"last_updated":"2026-03-27T12:09:11.803Z"},"fixer_api":{"status":"healthy","last_sync":"2026-03-27T12:09:11.803Z","next_due":"2026-03-28T12:09:11.803Z"}}',101,'2026-03-27 12:10:01');
INSERT INTO "health_logs" ("id","status","details","response_time_ms","timestamp") VALUES(4,'ok','{"database":{"status":"healthy","response_time_ms":13},"rates":{"status":"healthy","available":true,"rates_count":15,"age_hours":3.4,"last_updated":"2026-03-27T12:09:11.803Z"},"fixer_api":{"status":"healthy","last_sync":"2026-03-27T12:09:11.803Z","next_due":"2026-03-28T12:09:11.803Z"}}',38,'2026-03-27 15:32:58');
INSERT INTO "health_logs" ("id","status","details","response_time_ms","timestamp") VALUES(5,'ok','{"database":{"status":"healthy","response_time_ms":16},"rates":{"status":"healthy","available":true,"rates_count":172,"age_hours":0.6,"last_updated":"2026-03-28T03:00:20.220Z"},"fixer_api":{"status":"healthy","last_sync":"2026-03-27T17:22:55.050Z","next_due":"2026-03-28T17:22:55.050Z"}}',45,'2026-03-28 03:37:04');
INSERT INTO "health_logs" ("id","status","details","response_time_ms","timestamp") VALUES(6,'ok','{"database":{"status":"healthy","response_time_ms":310},"rates":{"status":"healthy","available":true,"rates_count":172,"age_hours":0.9,"last_updated":"2026-03-28T04:00:20.328Z"},"fixer_api":{"status":"healthy","last_sync":"2026-03-27T17:22:55.050Z","next_due":"2026-03-28T17:22:55.050Z"}}',354,'2026-03-28 04:56:38');
INSERT INTO "health_logs" ("id","status","details","response_time_ms","timestamp") VALUES(7,'ok','{"database":{"status":"healthy","response_time_ms":21},"rates":{"status":"healthy","available":true,"rates_count":172,"age_hours":0.9,"last_updated":"2026-03-28T04:00:20.328Z"},"fixer_api":{"status":"healthy","last_sync":"2026-03-27T17:22:55.050Z","next_due":"2026-03-28T17:22:55.050Z"}}',73,'2026-03-28 04:56:38');
INSERT INTO "health_logs" ("id","status","details","response_time_ms","timestamp") VALUES(8,'ok','{"database":{"status":"healthy","response_time_ms":221},"rates":{"status":"healthy","available":true,"rates_count":172,"age_hours":0.3,"last_updated":"2026-03-28T06:00:20.821Z"},"fixer_api":{"status":"healthy","last_sync":"2026-03-27T17:22:55.050Z","next_due":"2026-03-28T17:22:55.050Z"}}',668,'2026-03-28 06:19:08');
INSERT INTO "health_logs" ("id","status","details","response_time_ms","timestamp") VALUES(9,'ok','{"database":{"status":"healthy","response_time_ms":213},"rates":{"status":"healthy","available":true,"rates_count":172,"age_hours":1,"last_updated":"2026-03-28T07:00:21.134Z"},"fixer_api":{"status":"healthy","last_sync":"2026-03-27T17:22:55.050Z","next_due":"2026-03-28T17:22:55.050Z"}}',640,'2026-03-28 07:58:38');
INSERT INTO "health_logs" ("id","status","details","response_time_ms","timestamp") VALUES(10,'ok','{"database":{"status":"healthy","response_time_ms":14},"rates":{"status":"healthy","available":true,"rates_count":172,"age_hours":0.8,"last_updated":"2026-03-28T08:00:20.160Z"},"fixer_api":{"status":"healthy","last_sync":"2026-03-27T17:22:55.050Z","next_due":"2026-03-28T17:22:55.050Z"}}',41,'2026-03-28 08:48:43');
INSERT INTO "health_logs" ("id","status","details","response_time_ms","timestamp") VALUES(11,'ok','{"database":{"status":"healthy","response_time_ms":14},"rates":{"status":"healthy","available":true,"rates_count":172,"age_hours":0,"last_updated":"2026-03-28T09:00:20.123Z"},"fixer_api":{"status":"healthy","last_sync":"2026-03-27T17:22:55.050Z","next_due":"2026-03-28T17:22:55.050Z"}}',34,'2026-03-28 09:01:07');
INSERT INTO "health_logs" ("id","status","details","response_time_ms","timestamp") VALUES(12,'ok','{"database":{"status":"healthy","response_time_ms":213},"rates":{"status":"healthy","available":true,"rates_count":172,"age_hours":0.9,"last_updated":"2026-03-28T09:00:20.123Z"},"fixer_api":{"status":"healthy","last_sync":"2026-03-27T17:22:55.050Z","next_due":"2026-03-28T17:22:55.050Z"}}',655,'2026-03-28 09:56:22');
INSERT INTO "health_logs" ("id","status","details","response_time_ms","timestamp") VALUES(13,'ok','{"database":{"status":"healthy","response_time_ms":177},"rates":{"status":"healthy","available":true,"rates_count":172,"age_hours":0.1,"last_updated":"2026-03-28T11:00:20.036Z"},"fixer_api":{"status":"healthy","last_sync":"2026-03-27T17:22:55.050Z","next_due":"2026-03-28T17:22:55.050Z"}}',534,'2026-03-28 11:04:09');
INSERT INTO "health_logs" ("id","status","details","response_time_ms","timestamp") VALUES(14,'ok','{"database":{"status":"healthy","response_time_ms":255},"rates":{"status":"healthy","available":true,"rates_count":172,"age_hours":0.1,"last_updated":"2026-03-28T14:00:29.193Z"},"fixer_api":{"status":"healthy","last_sync":"2026-03-27T17:22:55.050Z","next_due":"2026-03-28T17:22:55.050Z"}}',742,'2026-03-28 14:04:28');
INSERT INTO "health_logs" ("id","status","details","response_time_ms","timestamp") VALUES(15,'ok','{"database":{"status":"healthy","response_time_ms":214},"rates":{"status":"healthy","available":true,"rates_count":172,"age_hours":0,"last_updated":"2026-03-28T16:00:34.997Z"},"fixer_api":{"status":"healthy","last_sync":"2026-03-27T17:22:55.050Z","next_due":"2026-03-28T17:22:55.050Z"}}',642,'2026-03-28 16:01:53');
INSERT INTO "health_logs" ("id","status","details","response_time_ms","timestamp") VALUES(16,'ok','{"database":{"status":"healthy","response_time_ms":253},"rates":{"status":"healthy","available":true,"rates_count":172,"age_hours":0.8,"last_updated":"2026-03-28T17:00:33.892Z"},"fixer_api":{"status":"healthy","last_sync":"2026-03-27T17:22:55.050Z","next_due":"2026-03-28T17:22:55.050Z"}}',751,'2026-03-28 17:50:13');
INSERT INTO "health_logs" ("id","status","details","response_time_ms","timestamp") VALUES(17,'ok','{"database":{"status":"healthy","response_time_ms":243},"rates":{"status":"healthy","available":true,"rates_count":172,"age_hours":0.8,"last_updated":"2026-03-28T19:00:35.873Z"},"fixer_api":{"status":"overdue","last_sync":"2026-03-27T17:22:55.050Z","next_due":"2026-03-28T17:22:55.050Z"}}',742,'2026-03-28 19:46:51');
INSERT INTO "health_logs" ("id","status","details","response_time_ms","timestamp") VALUES(18,'ok','{"database":{"status":"healthy","response_time_ms":187},"rates":{"status":"healthy","available":true,"rates_count":172,"age_hours":0,"last_updated":"2026-03-28T21:00:36.669Z"},"fixer_api":{"status":"overdue","last_sync":"2026-03-27T17:22:55.050Z","next_due":"2026-03-28T17:22:55.050Z"}}',554,'2026-03-28 21:02:13');
INSERT INTO "health_logs" ("id","status","details","response_time_ms","timestamp") VALUES(19,'ok','{"database":{"status":"healthy","response_time_ms":222},"rates":{"status":"healthy","available":true,"rates_count":172,"age_hours":0,"last_updated":"2026-03-28T23:00:22.784Z"},"fixer_api":{"status":"overdue","last_sync":"2026-03-27T17:22:55.050Z","next_due":"2026-03-28T17:22:55.050Z"}}',663,'2026-03-28 23:02:41');
INSERT INTO "health_logs" ("id","status","details","response_time_ms","timestamp") VALUES(20,'ok','{"database":{"status":"healthy","response_time_ms":181},"rates":{"status":"healthy","available":true,"rates_count":172,"age_hours":0.7,"last_updated":"2026-03-29T03:00:24.462Z"},"fixer_api":{"status":"overdue","last_sync":"2026-03-27T17:22:55.050Z","next_due":"2026-03-28T17:22:55.050Z"}}',548,'2026-03-29 03:39:50');
CREATE TABLE api_logs (
    id INTEGER PRIMARY KEY AUTOINCREMENT,
    endpoint TEXT NOT NULL,
    status TEXT NOT NULL,
    timestamp DATETIME DEFAULT CURRENT_TIMESTAMP
);
INSERT INTO "api_logs" ("id","endpoint","status","timestamp") VALUES(1,'/api/admin/sync','success','2026-03-27 17:12:19');
INSERT INTO "api_logs" ("id","endpoint","status","timestamp") VALUES(2,'/api/admin/sync','success','2026-03-27 17:22:55');
INSERT INTO "api_logs" ("id","endpoint","status","timestamp") VALUES(3,'/api/admin/sync','success','2026-03-29 03:46:23');
INSERT INTO "api_logs" ("id","endpoint","status","timestamp") VALUES(4,'/api/admin/sync','success','2026-03-29 03:46:39');
CREATE TABLE social_traffic (id TEXT PRIMARY KEY, platform TEXT NOT NULL, country TEXT, device_type TEXT, status TEXT NOT NULL DEFAULT 'success', timestamp INTEGER NOT NULL);
INSERT INTO "social_traffic" ("id","platform","country","device_type","status","timestamp") VALUES('138dea79-7603-40cc-bfb7-65a7ed9fc03e','Facebook','SG','Desktop','success',1774687736949);
INSERT INTO "social_traffic" ("id","platform","country","device_type","status","timestamp") VALUES('e417d297-b71a-48db-8afd-368ddb4c64f8','Facebook','SG','Desktop','failed',1774687748657);
INSERT INTO "social_traffic" ("id","platform","country","device_type","status","timestamp") VALUES('ef557b7a-2fd6-44fe-bd30-8fb83f3337e5','Facebook','PH','Mobile','success',1774687798446);
INSERT INTO "social_traffic" ("id","platform","country","device_type","status","timestamp") VALUES('87869fb6-ac4f-45c7-b258-09de7765cae5','Facebook','PH','Mobile','success',1774687804479);
INSERT INTO "social_traffic" ("id","platform","country","device_type","status","timestamp") VALUES('0a40aebc-a521-4a68-b25e-ff9f8f082d37','Facebook','PH','Mobile','success',1774687811992);
INSERT INTO "social_traffic" ("id","platform","country","device_type","status","timestamp") VALUES('ee5c8171-2490-48cf-a384-caecce7321dc','Facebook','PH','Mobile','success',1774688223140);
INSERT INTO "social_traffic" ("id","platform","country","device_type","status","timestamp") VALUES('851bb38c-e2d3-451e-af9c-ab0d2353d526','Facebook','PH','Mobile','success',1774688227309);
INSERT INTO "social_traffic" ("id","platform","country","device_type","status","timestamp") VALUES('c97c9050-ec61-463f-b9cd-7276f739f8ac','Facebook','PH','Mobile','success',1774688230964);
INSERT INTO "social_traffic" ("id","platform","country","device_type","status","timestamp") VALUES('a3c51cda-fb10-456b-8a18-87a031c4753a','Facebook','QA','Mobile','success',1774697325075);
INSERT INTO "social_traffic" ("id","platform","country","device_type","status","timestamp") VALUES('a6ff094a-0515-4c5e-9d11-067b655e9024','Facebook','QA','Mobile','success',1774697328942);
INSERT INTO "social_traffic" ("id","platform","country","device_type","status","timestamp") VALUES('96f2c025-0a1b-470e-a453-5e19b94a771b','Facebook','SA','Mobile','success',1774698897936);
CREATE TABLE healing_logs (id TEXT PRIMARY KEY, action TEXT NOT NULL, platform TEXT, status TEXT NOT NULL, details TEXT, timestamp INTEGER NOT NULL);
CREATE TABLE api_usage (
    month TEXT PRIMARY KEY, -- YYYY-MM
    fixer_calls INTEGER DEFAULT 0
);
INSERT INTO "api_usage" ("month","fixer_calls") VALUES('2026-03',0);
DELETE FROM sqlite_sequence;
INSERT INTO "sqlite_sequence" ("name","seq") VALUES('health_logs',20);
INSERT INTO "sqlite_sequence" ("name","seq") VALUES('api_logs',4);
CREATE INDEX idx_conversions_timestamp ON conversions(timestamp);
CREATE INDEX idx_users_first_seen ON users(first_seen);
CREATE INDEX idx_rates_updated_at ON rates_cache(updated_at);
CREATE INDEX idx_snapshots_timestamp ON currency_snapshots(timestamp);
CREATE INDEX idx_users_country ON users(country);
CREATE INDEX idx_snapshots_date ON currency_snapshots(date);
CREATE INDEX idx_cleanup_timestamp ON cleanup_logs(timestamp);
CREATE INDEX idx_api_logs_timestamp ON api_logs(timestamp);
CREATE INDEX idx_social_traffic_platform ON social_traffic(platform);
CREATE INDEX idx_social_traffic_timestamp ON social_traffic(timestamp);
CREATE INDEX idx_social_traffic_status ON social_traffic(status);
CREATE INDEX idx_healing_logs_timestamp ON healing_logs(timestamp);
